symbol,timestamp,timezone,open,high,low,close,volume,source_path
SPY,2025-04-07 11:45:00,US/Eastern,503.37,503.71,500.5,502,1828542,data/SPY/2025-04-08.json
SPY,2025-04-07 11:50:00,US/Eastern,502.03,503.72,499.57,499.785,1418624,data/SPY/2025-04-08.json
SPY,2025-04-07 11:55:00,US/Eastern,499.785,501.87,499.46,499.5,1174582,data/SPY/2025-04-08.json
SPY,2025-04-07 12:00:00,US/Eastern,499.5,499.64,497.75,498.8997,1113107,data/SPY/2025-04-08.json
SPY,2025-04-07 12:05:00,US/Eastern,498.92,498.945,496.11,496.422,1321243,data/SPY/2025-04-08.json
SPY,2025-04-07 12:10:00,US/Eastern,496.4,498.28,495.27,497.21,1453560,data/SPY/2025-04-08.json
SPY,2025-04-07 12:15:00,US/Eastern,497.22,497.98,495.465,497.44,1209250,data/SPY/2025-04-08.json
SPY,2025-04-07 12:20:00,US/Eastern,497.4,497.99,495.015,497.4,1374708,data/SPY/2025-04-08.json
SPY,2025-04-07 12:25:00,US/Eastern,497.46,500.52,497.35,499.56,1181545,data/SPY/2025-04-08.json
SPY,2025-04-07 12:30:00,US/Eastern,499.56,501.77,498.96,500.85,1657124,data/SPY/2025-04-08.json
SPY,2025-04-07 12:35:00,US/Eastern,500.94,500.95,499.26,499.39,848354,data/SPY/2025-04-08.json
SPY,2025-04-07 12:40:00,US/Eastern,499.34,500.4,496.85,497.85,1099848,data/SPY/2025-04-08.json
SPY,2025-04-07 12:45:00,US/Eastern,497.81,506.5199,495.54,496.98,992512,data/SPY/2025-04-08.json
SPY,2025-04-07 12:50:00,US/Eastern,496.98,497.89,496,497.57,1123698,data/SPY/2025-04-08.json
SPY,2025-04-07 12:55:00,US/Eastern,497.61,497.97,494.7,495.68,1364569,data/SPY/2025-04-08.json
SPY,2025-04-07 13:00:00,US/Eastern,495.63,503.08,495.59,496.815,3462269,data/SPY/2025-04-08.json
SPY,2025-04-07 13:05:00,US/Eastern,496.83,498.14,495.63,497.58,1663794,data/SPY/2025-04-08.json
SPY,2025-04-07 13:10:00,US/Eastern,497.57,501.74,496.36,501.51,1998458,data/SPY/2025-04-08.json
SPY,2025-04-07 13:15:00,US/Eastern,501.51,503.63,500.62,502.77,1673495,data/SPY/2025-04-08.json
SPY,2025-04-07 13:20:00,US/Eastern,502.84,504.07,501.84,503.1,1393008,data/SPY/2025-04-08.json
SPY,2025-04-07 13:25:00,US/Eastern,503.12,505.94,502.56,505.62,1354249,data/SPY/2025-04-08.json
SPY,2025-04-07 13:30:00,US/Eastern,505.62,505.93,502.16,503.915,1220841,data/SPY/2025-04-08.json
SPY,2025-04-07 13:35:00,US/Eastern,503.91,506.34,503.12,506.2515,1551443,data/SPY/2025-04-08.json
SPY,2025-04-07 13:40:00,US/Eastern,506.26,507.1,504.29,507,1704617,data/SPY/2025-04-08.json
SPY,2025-04-07 13:45:00,US/Eastern,506.94,509.23,504.59,507.605,2919566,data/SPY/2025-04-08.json
SPY,2025-04-07 13:50:00,US/Eastern,507.68,508.84,506.41,507.79,1574393,data/SPY/2025-04-08.json
SPY,2025-04-07 13:55:00,US/Eastern,507.79,509.36,498.2651,509.09,1097484,data/SPY/2025-04-08.json
SPY,2025-04-07 14:00:00,US/Eastern,509.07,510,507.45,508.23,1544926,data/SPY/2025-04-08.json
SPY,2025-04-07 14:05:00,US/Eastern,508.29,508.44,505.5901,507.24,1384394,data/SPY/2025-04-08.json
SPY,2025-04-07 14:10:00,US/Eastern,507.17,508.91,505.18,506.19,1237062,data/SPY/2025-04-08.json
SPY,2025-04-07 14:15:00,US/Eastern,506.19,510,505.9604,509.51,1496748,data/SPY/2025-04-08.json
SPY,2025-04-07 14:20:00,US/Eastern,509.48,510.47,507.86,509.1,1489841,data/SPY/2025-04-08.json
SPY,2025-04-07 14:25:00,US/Eastern,509.15,509.31,504.66,505.19,1169049,data/SPY/2025-04-08.json
SPY,2025-04-07 14:30:00,US/Eastern,505.15,506.47,504.81,506.02,958815,data/SPY/2025-04-08.json
SPY,2025-04-07 14:35:00,US/Eastern,506.02,507.86,505.5,507.33,1031933,data/SPY/2025-04-08.json
SPY,2025-04-07 14:40:00,US/Eastern,507.36,508.34,506.23,506.69,881669,data/SPY/2025-04-08.json
SPY,2025-04-07 14:45:00,US/Eastern,506.71,507.68,504.95,506.0001,1128177,data/SPY/2025-04-08.json
SPY,2025-04-07 14:50:00,US/Eastern,506.02,506.24,503.37,503.555,1201258,data/SPY/2025-04-08.json
SPY,2025-04-07 14:55:00,US/Eastern,503.56,504.02,502.28,503.21,1328155,data/SPY/2025-04-08.json
SPY,2025-04-07 15:00:00,US/Eastern,503.25,506.31,502.92,503.69,2518303,data/SPY/2025-04-08.json
SPY,2025-04-07 15:05:00,US/Eastern,503.74,504.32,501.56,501.88,1045055,data/SPY/2025-04-08.json
SPY,2025-04-07 15:10:00,US/Eastern,501.7,502.41,500.9203,501.77,1902783,data/SPY/2025-04-08.json
SPY,2025-04-07 15:15:00,US/Eastern,501.74,504.33,500.14,503.605,1863738,data/SPY/2025-04-08.json
SPY,2025-04-07 15:20:00,US/Eastern,503.55,504.29,501.59,502.21,1858779,data/SPY/2025-04-08.json
SPY,2025-04-07 15:25:00,US/Eastern,502.16,502.815,500.42,500.605,1853500,data/SPY/2025-04-08.json
SPY,2025-04-07 15:30:00,US/Eastern,500.605,506.17,500.56,504.99,2342961,data/SPY/2025-04-08.json
SPY,2025-04-07 15:35:00,US/Eastern,505.03,506.64,504,504.58,2116081,data/SPY/2025-04-08.json
SPY,2025-04-07 15:40:00,US/Eastern,504.6,504.97,501.25,501.5,2155430,data/SPY/2025-04-08.json
SPY,2025-04-07 15:45:00,US/Eastern,501.45,502.88,501.02,502.63,3165055,data/SPY/2025-04-08.json
SPY,2025-04-07 15:50:00,US/Eastern,502.54,503.456,500.8,503.27,3886853,data/SPY/2025-04-08.json
SPY,2025-04-07 15:55:00,US/Eastern,503.28,505.15,503.1932,504.55,7223233,data/SPY/2025-04-08.json
SPY,2025-04-07 16:00:00,US/Eastern,504.55,535.83,503.83,507.34,7320696,data/SPY/2025-04-08.json
SPY,2025-04-07 16:05:00,US/Eastern,507.3105,523.925,501.0319,507.7,3054378,data/SPY/2025-04-08.json
SPY,2025-04-07 16:10:00,US/Eastern,504.38,508.81,504.38,507.46,10510868,data/SPY/2025-04-08.json
SPY,2025-04-07 16:15:00,US/Eastern,507.5494,509.14,504.38,508.42,1612264,data/SPY/2025-04-08.json
SPY,2025-04-07 16:20:00,US/Eastern,504.38,508.61,504.38,507.39,1155883,data/SPY/2025-04-08.json
SPY,2025-04-07 16:25:00,US/Eastern,507.39,507.5683,506.46,507,165468,data/SPY/2025-04-08.json
SPY,2025-04-07 16:30:00,US/Eastern,507.045,507.53,505.5953,507.2281,255244,data/SPY/2025-04-08.json
SPY,2025-04-07 16:35:00,US/Eastern,507.2099,507.43,504.4147,506.69,120441,data/SPY/2025-04-08.json
SPY,2025-04-07 16:40:00,US/Eastern,506.6,507.51,504.4147,507.3,156101,data/SPY/2025-04-08.json
SPY,2025-04-07 16:45:00,US/Eastern,507.25,540.0329,484.9358,506.53,219973,data/SPY/2025-04-08.json
SPY,2025-04-07 16:50:00,US/Eastern,506.55,540.0329,484.9358,506.89,25087,data/SPY/2025-04-08.json
SPY,2025-04-07 16:55:00,US/Eastern,506.75,529.3638,505.68,506.45,92263,data/SPY/2025-04-08.json
SPY,2025-04-07 17:00:00,US/Eastern,506.49,522.7728,480.2688,506.475,707592,data/SPY/2025-04-08.json
SPY,2025-04-07 17:05:00,US/Eastern,506.475,506.85,506.45,506.74,37215,data/SPY/2025-04-08.json
SPY,2025-04-07 17:10:00,US/Eastern,506.8,507.12,506.675,507.05,54788,data/SPY/2025-04-08.json
SPY,2025-04-07 17:15:00,US/Eastern,506.99,507.2,506.96,507.2,79543,data/SPY/2025-04-08.json
SPY,2025-04-07 17:20:00,US/Eastern,507.16,507.2,507.0001,507.05,89001,data/SPY/2025-04-08.json
SPY,2025-04-07 17:25:00,US/Eastern,507.05,507.1,507,507.09,25051,data/SPY/2025-04-08.json
SPY,2025-04-07 17:30:00,US/Eastern,507.09,507.2,507,507.12,44905,data/SPY/2025-04-08.json
SPY,2025-04-07 17:35:00,US/Eastern,507.19,507.25,507.04,507.25,32349,data/SPY/2025-04-08.json
SPY,2025-04-07 17:40:00,US/Eastern,507.25,507.55,507.2199,507.47,32737,data/SPY/2025-04-08.json
SPY,2025-04-07 17:45:00,US/Eastern,507.47,507.47,507,507.1881,27005,data/SPY/2025-04-08.json
SPY,2025-04-07 17:50:00,US/Eastern,507.18,507.44,507.1,507.33,13271,data/SPY/2025-04-08.json
SPY,2025-04-07 17:55:00,US/Eastern,507.35,507.47,507.1,507.4,30749,data/SPY/2025-04-08.json
SPY,2025-04-07 18:00:00,US/Eastern,507.34,507.67,506.51,506.95,41291,data/SPY/2025-04-08.json
SPY,2025-04-07 18:05:00,US/Eastern,507.01,507.65,507.0001,507.51,32117,data/SPY/2025-04-08.json
SPY,2025-04-07 18:10:00,US/Eastern,507.5,507.87,507.4699,507.7788,22103,data/SPY/2025-04-08.json
SPY,2025-04-07 18:15:00,US/Eastern,507.7499,508.11,507.515,507.72,16181,data/SPY/2025-04-08.json
SPY,2025-04-07 18:20:00,US/Eastern,507.7,508.25,507.48,508.249,41379,data/SPY/2025-04-08.json
SPY,2025-04-07 18:25:00,US/Eastern,508.235,508.355,507.81,508.35,25952,data/SPY/2025-04-08.json
SPY,2025-04-07 18:30:00,US/Eastern,504.38,508.505,504.38,508.0686,2343596,data/SPY/2025-04-08.json
SPY,2025-04-07 18:35:00,US/Eastern,508.01,508.25,507.695,508.2,108899,data/SPY/2025-04-08.json
SPY,2025-04-07 18:40:00,US/Eastern,508.175,508.465,507.9,508.4196,18591,data/SPY/2025-04-08.json
SPY,2025-04-07 18:45:00,US/Eastern,508.3,508.41,508.02,508.3996,3071,data/SPY/2025-04-08.json
SPY,2025-04-07 18:50:00,US/Eastern,508.32,508.82,508.2917,508.62,5646,data/SPY/2025-04-08.json
SPY,2025-04-07 18:55:00,US/Eastern,508.61,509.1,508.6,509.1,38756,data/SPY/2025-04-08.json
SPY,2025-04-07 19:00:00,US/Eastern,509.1,509.5,508.96,509.5,7592,data/SPY/2025-04-08.json
SPY,2025-04-07 19:05:00,US/Eastern,509.5,510,509.25,509.89,42733,data/SPY/2025-04-08.json
SPY,2025-04-07 19:10:00,US/Eastern,509.8201,510.22,509.8201,510.18,17135,data/SPY/2025-04-08.json
SPY,2025-04-07 19:15:00,US/Eastern,510.19,510.29,509.33,509.6,39277,data/SPY/2025-04-08.json
SPY,2025-04-07 19:20:00,US/Eastern,509.675,510.2,509.44,509.545,74477,data/SPY/2025-04-08.json
SPY,2025-04-07 19:25:00,US/Eastern,509.6199,509.9,509.35,509.8,18143,data/SPY/2025-04-08.json
SPY,2025-04-07 19:30:00,US/Eastern,509.8,510,509.4,509.4,12404,data/SPY/2025-04-08.json
SPY,2025-04-07 19:35:00,US/Eastern,509.4,509.78,509.1,509.3,17607,data/SPY/2025-04-08.json
SPY,2025-04-07 19:40:00,US/Eastern,509.26,509.33,508.52,509.33,13657,data/SPY/2025-04-08.json
SPY,2025-04-07 19:45:00,US/Eastern,509.25,510.06,509.0701,509.73,18144,data/SPY/2025-04-08.json
SPY,2025-04-07 19:50:00,US/Eastern,509.6288,510,497.4543,509.24,28406,data/SPY/2025-04-08.json
SPY,2025-04-07 19:55:00,US/Eastern,509.22,509.99,509,509.66,15125,data/SPY/2025-04-08.json
SPY,2025-04-07 20:00:00,US/Eastern,504.38,504.38,504.38,504.38,2261568,data/SPY/2025-04-08.json
SPY,2025-04-08 11:45:00,US/Eastern,517.41,518.18,515.36,515.675,846024,data/SPY/2025-04-09.json
SPY,2025-04-08 11:50:00,US/Eastern,515.7,516.045,514.235,515.6,1011027,data/SPY/2025-04-09.json
SPY,2025-04-08 11:55:00,US/Eastern,515.6,517.03,515.32,516.77,1177133,data/SPY/2025-04-09.json
SPY,2025-04-08 12:00:00,US/Eastern,516.74,516.9,515.68,516.44,598009,data/SPY/2025-04-09.json
SPY,2025-04-08 12:05:00,US/Eastern,516.43,517.29,515.43,515.64,1113089,data/SPY/2025-04-09.json
SPY,2025-04-08 12:10:00,US/Eastern,515.62,516.98,515.3,515.35,1143212,data/SPY/2025-04-09.json
SPY,2025-04-08 12:15:00,US/Eastern,515.315,515.49,513.04,513.36,1088888,data/SPY/2025-04-09.json
SPY,2025-04-08 12:20:00,US/Eastern,513.37,513.7031,511.86,512.24,1066891,data/SPY/2025-04-09.json
SPY,2025-04-08 12:25:00,US/Eastern,512.19,514,511.8,513.96,1146409,data/SPY/2025-04-09.json
SPY,2025-04-08 12:30:00,US/Eastern,513.95,514.6,510.38,511.9,2518809,data/SPY/2025-04-09.json
SPY,2025-04-08 12:35:00,US/Eastern,511.9,512.66,508.63,509.14,2165267,data/SPY/2025-04-09.json
SPY,2025-04-08 12:40:00,US/Eastern,509.14,509.74,507.58,508.54,2426581,data/SPY/2025-04-09.json
SPY,2025-04-08 12:45:00,US/Eastern,508.52,511.5,508.0001,510.25,3546028,data/SPY/2025-04-09.json
SPY,2025-04-08 12:50:00,US/Eastern,510.23,510.79,508.94,509.265,1412018,data/SPY/2025-04-09.json
SPY,2025-04-08 12:55:00,US/Eastern,509.28,510.6,507.02,507.1442,1570030,data/SPY/2025-04-09.json
SPY,2025-04-08 13:00:00,US/Eastern,507.08,507.82,505.9,507.65,1708912,data/SPY/2025-04-09.json
SPY,2025-04-08 13:05:00,US/Eastern,507.62,508.57,504.73,504.928,1873901,data/SPY/2025-04-09.json
SPY,2025-04-08 13:10:00,US/Eastern,504.9,505.65,503.47,505.08,2527619,data/SPY/2025-04-09.json
SPY,2025-04-08 13:15:00,US/Eastern,505.09,506.8,504.84,505.26,2424725,data/SPY/2025-04-09.json
SPY,2025-04-08 13:20:00,US/Eastern,505.25,505.65,503.7,504.57,1567736,data/SPY/2025-04-09.json
SPY,2025-04-08 13:25:00,US/Eastern,504.57,505.08,502.25,502.45,1550161,data/SPY/2025-04-09.json
SPY,2025-04-08 13:30:00,US/Eastern,502.37,503.75,502.09,502.27,1333139,data/SPY/2025-04-09.json
SPY,2025-04-08 13:35:00,US/Eastern,502.33,505.73,502.03,505.14,2910169,data/SPY/2025-04-09.json
SPY,2025-04-08 13:40:00,US/Eastern,505.12,509.11,505.04,507.78,2009030,data/SPY/2025-04-09.json
SPY,2025-04-08 13:45:00,US/Eastern,507.8,507.93,505.06,505.33,1437927,data/SPY/2025-04-09.json
SPY,2025-04-08 13:50:00,US/Eastern,505.3,506.9,504.48,505.28,1040545,data/SPY/2025-04-09.json
SPY,2025-04-08 13:55:00,US/Eastern,505.24,507.01,505.15,506.72,741166,data/SPY/2025-04-09.json
SPY,2025-04-08 14:00:00,US/Eastern,506.76,507.12,505.4,505.93,1056049,data/SPY/2025-04-09.json
SPY,2025-04-08 14:05:00,US/Eastern,505.95,506.02,503.84,504.38,945605,data/SPY/2025-04-09.json
SPY,2025-04-08 14:10:00,US/Eastern,504.425,504.91,503,503.4,833120,data/SPY/2025-04-09.json
SPY,2025-04-08 14:15:00,US/Eastern,503.42,506.11,503.215,505.79,1221093,data/SPY/2025-04-09.json
SPY,2025-04-08 14:20:00,US/Eastern,505.79,505.98,504.33,504.9,877343,data/SPY/2025-04-09.json
SPY,2025-04-08 14:25:00,US/Eastern,504.92,505.03,502.07,502.41,1120544,data/SPY/2025-04-09.json
SPY,2025-04-08 14:30:00,US/Eastern,502.44,507.82,502.44,503.58,3025404,data/SPY/2025-04-09.json
SPY,2025-04-08 14:35:00,US/Eastern,503.52,503.71,501.63,502.76,1437122,data/SPY/2025-04-09.json
SPY,2025-04-08 14:40:00,US/Eastern,502.76,502.86,501.4,501.529,932633,data/SPY/2025-04-09.json
SPY,2025-04-08 14:45:00,US/Eastern,501.53,504,501.53,503.31,1403519,data/SPY/2025-04-09.json
SPY,2025-04-08 14:50:00,US/Eastern,503.355,504.19,502.55,502.86,890767,data/SPY/2025-04-09.json
SPY,2025-04-08 14:55:00,US/Eastern,502.85,503.09,501.63,501.69,842705,data/SPY/2025-04-09.json
SPY,2025-04-08 15:00:00,US/Eastern,501.71,502.12,500.17,500.37,1045837,data/SPY/2025-04-09.json
SPY,2025-04-08 15:05:00,US/Eastern,500.36,500.76,497.56,497.67,2069385,data/SPY/2025-04-09.json
SPY,2025-04-08 15:10:00,US/Eastern,497.66,498.56,496.33,496.61,2018903,data/SPY/2025-04-09.json
SPY,2025-04-08 15:15:00,US/Eastern,496.5808,496.97,494.34,495.18,2829403,data/SPY/2025-04-09.json
SPY,2025-04-08 15:20:00,US/Eastern,495.04,497.07,494.795,496.99,2387070,data/SPY/2025-04-09.json
SPY,2025-04-08 15:25:00,US/Eastern,496.98,498.62,496.79,497.51,2086726,data/SPY/2025-04-09.json
SPY,2025-04-08 15:30:00,US/Eastern,497.53,497.59,495.2,495.29,1845564,data/SPY/2025-04-09.json
SPY,2025-04-08 15:35:00,US/Eastern,495.32,495.33,491,491.48,4078884,data/SPY/2025-04-09.json
SPY,2025-04-08 15:40:00,US/Eastern,491.5,493.8,490.5,490.605,4284729,data/SPY/2025-04-09.json
SPY,2025-04-08 15:45:00,US/Eastern,490.63,491.64,489.16,489.39,4653352,data/SPY/2025-04-09.json
SPY,2025-04-08 15:50:00,US/Eastern,489.38,496.36,489.37,495.93,5201909,data/SPY/2025-04-09.json
SPY,2025-04-08 15:55:00,US/Eastern,495.93,497.46,493.94,496.74,8343352,data/SPY/2025-04-09.json
SPY,2025-04-08 16:00:00,US/Eastern,496.75,497.5,486.2007,496.93,8066871,data/SPY/2025-04-09.json
SPY,2025-04-08 16:05:00,US/Eastern,496.87,498.66,496.38,497.33,908039,data/SPY/2025-04-09.json
SPY,2025-04-08 16:10:00,US/Eastern,496.48,497.63,495.6667,496.24,3590824,data/SPY/2025-04-09.json
SPY,2025-04-08 16:15:00,US/Eastern,496.25,504.417,495.6667,495.995,4031554,data/SPY/2025-04-09.json
SPY,2025-04-08 16:20:00,US/Eastern,496.0389,510.3403,494.26,494.3568,320212,data/SPY/2025-04-09.json
SPY,2025-04-08 16:25:00,US/Eastern,494.28,495,493.95,494.68,243927,data/SPY/2025-04-09.json
SPY,2025-04-08 16:30:00,US/Eastern,494.67,504.38,494.63,494.78,112295,data/SPY/2025-04-09.json
SPY,2025-04-08 16:35:00,US/Eastern,494.75,495.68,494.75,494.93,112622,data/SPY/2025-04-09.json
SPY,2025-04-08 16:40:00,US/Eastern,494.89,514.1142,494.78,495.235,68914,data/SPY/2025-04-09.json
SPY,2025-04-08 16:45:00,US/Eastern,495.21,526.3113,494.5067,496.0688,91176,data/SPY/2025-04-09.json
SPY,2025-04-08 16:50:00,US/Eastern,496.07,529.3134,467.205,495.985,165439,data/SPY/2025-04-09.json
SPY,2025-04-08 16:55:00,US/Eastern,495.97,526.3113,495.68,496.15,151369,data/SPY/2025-04-09.json
SPY,2025-04-08 17:00:00,US/Eastern,496.03,496.48,495.88,496.1,829401,data/SPY/2025-04-09.json
SPY,2025-04-08 17:05:00,US/Eastern,496.11,496.48,495.8,495.9,326593,data/SPY/2025-04-09.json
SPY,2025-04-08 17:10:00,US/Eastern,495.87,495.93,495.65,495.81,44738,data/SPY/2025-04-09.json
SPY,2025-04-08 17:15:00,US/Eastern,495.83,495.94,495.56,495.5891,50688,data/SPY/2025-04-09.json
SPY,2025-04-08 17:20:00,US/Eastern,495.59,495.76,495.5,495.7,32212,data/SPY/2025-04-09.json
SPY,2025-04-08 17:25:00,US/Eastern,495.69,495.92,495.55,495.76,22087,data/SPY/2025-04-09.json
SPY,2025-04-08 17:30:00,US/Eastern,495.77,496.39,495.73,496.06,16346,data/SPY/2025-04-09.json
SPY,2025-04-08 17:35:00,US/Eastern,496.03,496.26,496.03,496.135,7514,data/SPY/2025-04-09.json
SPY,2025-04-08 17:40:00,US/Eastern,496.1982,496.39,496.1,496.2,25545,data/SPY/2025-04-09.json
SPY,2025-04-08 17:45:00,US/Eastern,496.16,496.5,496.15,496.3,111909,data/SPY/2025-04-09.json
SPY,2025-04-08 17:50:00,US/Eastern,496.28,496.48,496.185,496.2492,162260,data/SPY/2025-04-09.json
SPY,2025-04-08 17:55:00,US/Eastern,496.25,496.25,495.85,495.85,21218,data/SPY/2025-04-09.json
SPY,2025-04-08 18:00:00,US/Eastern,495.85,496.22,492,492.91,229303,data/SPY/2025-04-09.json
SPY,2025-04-08 18:05:00,US/Eastern,492.91,493.72,492,492.69,179788,data/SPY/2025-04-09.json
SPY,2025-04-08 18:10:00,US/Eastern,492.7,493.23,492.33,492.735,56870,data/SPY/2025-04-09.json
SPY,2025-04-08 18:15:00,US/Eastern,492.7009,492.95,491.5,492.01,103715,data/SPY/2025-04-09.json
SPY,2025-04-08 18:20:00,US/Eastern,492.02,492.49,489.93,490.675,144737,data/SPY/2025-04-09.json
SPY,2025-04-08 18:25:00,US/Eastern,490.8,491.99,490.55,491.3801,47769,data/SPY/2025-04-09.json
SPY,2025-04-08 18:30:00,US/Eastern,496.48,496.48,490.98,491.17,3028503,data/SPY/2025-04-09.json
SPY,2025-04-08 18:35:00,US/Eastern,491.35,491.78,490.2,491.34,29237,data/SPY/2025-04-09.json
SPY,2025-04-08 18:40:00,US/Eastern,491.305,523.86,490.35,491.66,21099,data/SPY/2025-04-09.json
SPY,2025-04-08 18:45:00,US/Eastern,491.7,492.3,491.5,492.0001,27156,data/SPY/2025-04-09.json
SPY,2025-04-08 18:50:00,US/Eastern,492.0388,492.7,491.59,492.18,24256,data/SPY/2025-04-09.json
SPY,2025-04-08 18:55:00,US/Eastern,492.011,492.59,491.75,492.4,23271,data/SPY/2025-04-09.json
SPY,2025-04-08 19:00:00,US/Eastern,492.4,492.4,490.85,491.14,43174,data/SPY/2025-04-09.json
SPY,2025-04-08 19:05:00,US/Eastern,491,491.36,490.41,491.005,39780,data/SPY/2025-04-09.json
SPY,2025-04-08 19:10:00,US/Eastern,491.08,491.1,490.34,490.36,20407,data/SPY/2025-04-09.json
SPY,2025-04-08 19:15:00,US/Eastern,490.36,490.43,488.5,489.58,87946,data/SPY/2025-04-09.json
SPY,2025-04-08 19:20:00,US/Eastern,489.72,489.72,488.05,488.68,75448,data/SPY/2025-04-09.json
SPY,2025-04-08 19:25:00,US/Eastern,488.68,489.3,487.82,488.1,63507,data/SPY/2025-04-09.json
SPY,2025-04-08 19:30:00,US/Eastern,488.24,488.39,487.89,488,56900,data/SPY/2025-04-09.json
SPY,2025-04-08 19:35:00,US/Eastern,487.98,489.13,487.98,488.985,76615,data/SPY/2025-04-09.json
SPY,2025-04-08 19:40:00,US/Eastern,488.98,489.33,487.76,487.815,25429,data/SPY/2025-04-09.json
SPY,2025-04-08 19:45:00,US/Eastern,487.87,490.08,487.735,489.82,95865,data/SPY/2025-04-09.json
SPY,2025-04-08 19:50:00,US/Eastern,489.76,490.14,488.9,489.61,29523,data/SPY/2025-04-09.json
SPY,2025-04-08 19:55:00,US/Eastern,489.53,490.63,489.37,490.555,69977,data/SPY/2025-04-09.json
SPY,2025-04-08 20:00:00,US/Eastern,496.48,496.48,496.48,496.48,2994872,data/SPY/2025-04-09.json
SPY,2025-04-09 11:45:00,US/Eastern,495.24,499.05,495.24,497.655,1367457,data/SPY/2025-04-10.json
SPY,2025-04-09 11:50:00,US/Eastern,497.6175,498.35,496.48,496.88,593145,data/SPY/2025-04-10.json
SPY,2025-04-09 11:55:00,US/Eastern,496.84,497.02,495.28,495.975,535227,data/SPY/2025-04-10.json
SPY,2025-04-09 12:00:00,US/Eastern,495.95,496.7,494.77,495.69,629323,data/SPY/2025-04-10.json
SPY,2025-04-09 12:05:00,US/Eastern,495.7,497.82,495.47,497.54,508587,data/SPY/2025-04-10.json
SPY,2025-04-09 12:10:00,US/Eastern,497.57,500.39,497.13,499.89,754619,data/SPY/2025-04-10.json
SPY,2025-04-09 12:15:00,US/Eastern,499.88,500.44,499.37,499.99,857367,data/SPY/2025-04-10.json
SPY,2025-04-09 12:20:00,US/Eastern,500.005,500.17,499.06,499.25,708232,data/SPY/2025-04-10.json
SPY,2025-04-09 12:25:00,US/Eastern,499.26,500.55,499.05,499.26,753017,data/SPY/2025-04-10.json
SPY,2025-04-09 12:30:00,US/Eastern,499.19,500.17,498.65,500.04,995623,data/SPY/2025-04-10.json
SPY,2025-04-09 12:35:00,US/Eastern,500.04,500.72,499.36,500.1462,1042450,data/SPY/2025-04-10.json
SPY,2025-04-09 12:40:00,US/Eastern,500.1,500.23,499.13,499.81,665448,data/SPY/2025-04-10.json
SPY,2025-04-09 12:45:00,US/Eastern,499.78,500.84,499.2,500.84,826071,data/SPY/2025-04-10.json
SPY,2025-04-09 12:50:00,US/Eastern,500.85,501.78,499.96,501.51,1220218,data/SPY/2025-04-10.json
SPY,2025-04-09 12:55:00,US/Eastern,501.53,502.58,501.02,501.2,914698,data/SPY/2025-04-10.json
SPY,2025-04-09 13:00:00,US/Eastern,501.25,505.7099,501.17,505.6,2697442,data/SPY/2025-04-10.json
SPY,2025-04-09 13:05:00,US/Eastern,505.62,505.64,501.73,501.96,1839407,data/SPY/2025-04-10.json
SPY,2025-04-09 13:10:00,US/Eastern,502.01,502.41,501,502.41,1112529,data/SPY/2025-04-10.json
SPY,2025-04-09 13:15:00,US/Eastern,502.45,515.05,497.56,512.8,8313815,data/SPY/2025-04-10.json
SPY,2025-04-09 13:20:00,US/Eastern,512.42,524.8,507.3,523.52,13184044,data/SPY/2025-04-10.json
SPY,2025-04-09 13:25:00,US/Eastern,523.5,533.4,523.02,523.96,9547160,data/SPY/2025-04-10.json
SPY,2025-04-09 13:30:00,US/Eastern,524.02,532.14,522.95,531.87,6990788,data/SPY/2025-04-10.json
SPY,2025-04-09 13:35:00,US/Eastern,531.8,536.5,527.08,527.26,6875094,data/SPY/2025-04-10.json
SPY,2025-04-09 13:40:00,US/Eastern,527.36,529.31,524.42,525.98,4355240,data/SPY/2025-04-10.json
SPY,2025-04-09 13:45:00,US/Eastern,526.14,533.16,525.86,530.67,3906961,data/SPY/2025-04-10.json
SPY,2025-04-09 13:50:00,US/Eastern,530.73,532.0399,528.12,531.27,3054815,data/SPY/2025-04-10.json
SPY,2025-04-09 13:55:00,US/Eastern,531.3,535.55,528.97,534.87,3657231,data/SPY/2025-04-10.json
SPY,2025-04-09 14:00:00,US/Eastern,534.925,537.98,534.07,535.94,4652390,data/SPY/2025-04-10.json
SPY,2025-04-09 14:05:00,US/Eastern,535.89,536.92,531.11,533.935,2846450,data/SPY/2025-04-10.json
SPY,2025-04-09 14:10:00,US/Eastern,533.91,536.51,532.89,534.4801,2159032,data/SPY/2025-04-10.json
SPY,2025-04-09 14:15:00,US/Eastern,534.54,537.55,500.4,534.56,2971195,data/SPY/2025-04-10.json
SPY,2025-04-09 14:20:00,US/Eastern,534.54,537.91,533.38,537.26,2969999,data/SPY/2025-04-10.json
SPY,2025-04-09 14:25:00,US/Eastern,537.21,539.71,536.52,538.15,3693099,data/SPY/2025-04-10.json
SPY,2025-04-09 14:30:00,US/Eastern,538.16,539.87,535.1,536.26,3027707,data/SPY/2025-04-10.json
SPY,2025-04-09 14:35:00,US/Eastern,536.24,538.08,535.78,536.87,1891020,data/SPY/2025-04-10.json
SPY,2025-04-09 14:40:00,US/Eastern,536.86,537.42,532.61,533.37,2804902,data/SPY/2025-04-10.json
SPY,2025-04-09 14:45:00,US/Eastern,533.38,535.04,531.54,533.9922,2882946,data/SPY/2025-04-10.json
SPY,2025-04-09 14:50:00,US/Eastern,534.0706,536.18,532.68,533.26,1792779,data/SPY/2025-04-10.json
SPY,2025-04-09 14:55:00,US/Eastern,533.24,533.92,530.59,530.93,1900801,data/SPY/2025-04-10.json
SPY,2025-04-09 15:00:00,US/Eastern,530.91,534.53,529.68,534.385,2958000,data/SPY/2025-04-10.json
SPY,2025-04-09 15:05:00,US/Eastern,534.38,535.33,532.99,534.87,2461256,data/SPY/2025-04-10.json
SPY,2025-04-09 15:10:00,US/Eastern,534.91,537.72,534.81,537.46,2022615,data/SPY/2025-04-10.json
SPY,2025-04-09 15:15:00,US/Eastern,537.48,538.4,535.79,538.2,2138452,data/SPY/2025-04-10.json
SPY,2025-04-09 15:20:00,US/Eastern,538.14,540.4,538,540.17,2490741,data/SPY/2025-04-10.json
SPY,2025-04-09 15:25:00,US/Eastern,540.16,541.78,539.36,540.49,2553941,data/SPY/2025-04-10.json
SPY,2025-04-09 15:30:00,US/Eastern,540.45,543.4,540.43,542.48,2991334,data/SPY/2025-04-10.json
SPY,2025-04-09 15:35:00,US/Eastern,542.4916,542.58,539.54,541.77,3008113,data/SPY/2025-04-10.json
SPY,2025-04-09 15:40:00,US/Eastern,541.7857,541.99,540.85,541.74,2384355,data/SPY/2025-04-10.json
SPY,2025-04-09 15:45:00,US/Eastern,541.8,543.12,540.39,543.045,4151614,data/SPY/2025-04-10.json
SPY,2025-04-09 15:50:00,US/Eastern,543.045,546.33,543.045,544.09,6950854,data/SPY/2025-04-10.json
SPY,2025-04-09 15:55:00,US/Eastern,544.09,545.12,541.83,543.37,11101598,data/SPY/2025-04-10.json
SPY,2025-04-09 16:00:00,US/Eastern,543.48,548.62,541.8,543.32,19950632,data/SPY/2025-04-10.json
SPY,2025-04-09 16:05:00,US/Eastern,543.2816,548.62,541,545.05,4978532,data/SPY/2025-04-10.json
SPY,2025-04-09 16:10:00,US/Eastern,548.62,548.62,496.508,542.79,16536097,data/SPY/2025-04-10.json
SPY,2025-04-09 16:15:00,US/Eastern,542.71,548.62,496.508,544.22,1378307,data/SPY/2025-04-10.json
SPY,2025-04-09 16:20:00,US/Eastern,544.22,548.62,544.22,544.46,167754,data/SPY/2025-04-10.json
SPY,2025-04-09 16:25:00,US/Eastern,544.4504,545.1442,496.508,544.87,1461991,data/SPY/2025-04-10.json
SPY,2025-04-09 16:30:00,US/Eastern,544.85,548.62,496.508,545.17,420125,data/SPY/2025-04-10.json
SPY,2025-04-09 16:35:00,US/Eastern,545.08,545.1798,544.61,545.025,216092,data/SPY/2025-04-10.json
SPY,2025-04-09 16:40:00,US/Eastern,545.1,545.47,544.93,545.1814,159698,data/SPY/2025-04-10.json
SPY,2025-04-09 16:45:00,US/Eastern,545.21,545.61,545,545.565,55382,data/SPY/2025-04-10.json
SPY,2025-04-09 16:50:00,US/Eastern,545.6,555.0083,523.6927,545.91,270045,data/SPY/2025-04-10.json
SPY,2025-04-09 16:55:00,US/Eastern,545.948,576.1253,514.5864,545.82,255501,data/SPY/2025-04-10.json
SPY,2025-04-09 17:00:00,US/Eastern,545.91,564.2476,520.5007,545.93,940900,data/SPY/2025-04-10.json
SPY,2025-04-09 17:05:00,US/Eastern,546.03,576.1253,514.5864,545.94,36349,data/SPY/2025-04-10.json
SPY,2025-04-09 17:10:00,US/Eastern,545.95,546.3,545.91,546.15,52309,data/SPY/2025-04-10.json
SPY,2025-04-09 17:15:00,US/Eastern,546.08,546.29,546.03,546.24,116403,data/SPY/2025-04-10.json
SPY,2025-04-09 17:20:00,US/Eastern,546.24,546.29,545.9,545.9,82268,data/SPY/2025-04-10.json
SPY,2025-04-09 17:25:00,US/Eastern,545.94,565.48,545.37,545.415,40921,data/SPY/2025-04-10.json
SPY,2025-04-09 17:30:00,US/Eastern,545.42,545.5,497.66,545.06,15546,data/SPY/2025-04-10.json
SPY,2025-04-09 17:35:00,US/Eastern,545.06,545.1,543.52,544.75,52597,data/SPY/2025-04-10.json
SPY,2025-04-09 17:40:00,US/Eastern,544.55,545.37,544.25,544.77,26224,data/SPY/2025-04-10.json
SPY,2025-04-09 17:45:00,US/Eastern,544.9242,548.62,544.69,544.75,142387,data/SPY/2025-04-10.json
SPY,2025-04-09 17:50:00,US/Eastern,544.75,544.83,544.3,544.36,24240,data/SPY/2025-04-10.json
SPY,2025-04-09 17:55:00,US/Eastern,544.36,544.47,544.07,544.4,41696,data/SPY/2025-04-10.json
SPY,2025-04-09 18:00:00,US/Eastern,544.43,545.5,543.5214,543.86,78006,data/SPY/2025-04-10.json
SPY,2025-04-09 18:05:00,US/Eastern,543.86,544.39,543.66,544.2,39900,data/SPY/2025-04-10.json
SPY,2025-04-09 18:10:00,US/Eastern,544.19,545.5,544.15,545.48,20633,data/SPY/2025-04-10.json
SPY,2025-04-09 18:15:00,US/Eastern,545.45,545.69,545.24,545.6,167882,data/SPY/2025-04-10.json
SPY,2025-04-09 18:20:00,US/Eastern,545.6,545.75,544.98,545.485,52972,data/SPY/2025-04-10.json
SPY,2025-04-09 18:25:00,US/Eastern,545.63,546,545.47,545.87,45106,data/SPY/2025-04-10.json
SPY,2025-04-09 18:30:00,US/Eastern,548.62,548.62,545.16,545.705,8149306,data/SPY/2025-04-10.json
SPY,2025-04-09 18:35:00,US/Eastern,545.75,546,545.43,545.75,50053,data/SPY/2025-04-10.json
SPY,2025-04-09 18:40:00,US/Eastern,545.76,546.29,545.57,546.155,74949,data/SPY/2025-04-10.json
SPY,2025-04-09 18:45:00,US/Eastern,546.1201,546.27,545.45,546.035,25876,data/SPY/2025-04-10.json
SPY,2025-04-09 18:50:00,US/Eastern,546.03,546.15,545.89,546,13880,data/SPY/2025-04-10.json
SPY,2025-04-09 18:55:00,US/Eastern,545.955,546.25,545.89,546.25,8353,data/SPY/2025-04-10.json
SPY,2025-04-09 19:00:00,US/Eastern,546.25,547.25,545.92,546.11,39993,data/SPY/2025-04-10.json
SPY,2025-04-09 19:05:00,US/Eastern,546.1,546.56,546.01,546.25,16828,data/SPY/2025-04-10.json
SPY,2025-04-09 19:10:00,US/Eastern,546.13,546.27,545.43,545.68,17353,data/SPY/2025-04-10.json
SPY,2025-04-09 19:15:00,US/Eastern,545.6,546.3,545.6,546.06,14327,data/SPY/2025-04-10.json
SPY,2025-04-09 19:20:00,US/Eastern,546.0709,546.1,545.5,545.591,17483,data/SPY/2025-04-10.json
SPY,2025-04-09 19:25:00,US/Eastern,545.61,546.03,545.55,545.75,11852,data/SPY/2025-04-10.json
SPY,2025-04-09 19:30:00,US/Eastern,545.74,546.27,545.74,546.06,9962,data/SPY/2025-04-10.json
SPY,2025-04-09 19:35:00,US/Eastern,545.94,546.2,545.8509,545.89,5844,data/SPY/2025-04-10.json
SPY,2025-04-09 19:40:00,US/Eastern,545.925,546.05,545.77,546,8510,data/SPY/2025-04-10.json
SPY,2025-04-09 19:45:00,US/Eastern,546.03,546.28,545.5416,545.71,15564,data/SPY/2025-04-10.json
SPY,2025-04-09 19:50:00,US/Eastern,545.7199,545.79,545.25,545.63,17401,data/SPY/2025-04-10.json
SPY,2025-04-09 19:55:00,US/Eastern,545.63,546.12,545.41,545.76,30002,data/SPY/2025-04-10.json
SPY,2025-04-09 20:00:00,US/Eastern,548.62,548.62,548.62,548.62,8118052,data/SPY/2025-04-10.json
SPY,2025-04-10 11:45:00,US/Eastern,521.65,522.74,520.88,520.98,1113949,data/SPY/2025-04-11.json
SPY,2025-04-10 11:50:00,US/Eastern,520.94,521.56,519.33,521.47,2208117,data/SPY/2025-04-11.json
SPY,2025-04-10 11:55:00,US/Eastern,521.52,521.8,517.91,518.6143,2293650,data/SPY/2025-04-11.json
SPY,2025-04-10 12:00:00,US/Eastern,518.56,520.09,516.25,516.25,2216016,data/SPY/2025-04-11.json
SPY,2025-04-10 12:05:00,US/Eastern,516.25,518.93,515.67,517.77,2290428,data/SPY/2025-04-11.json
SPY,2025-04-10 12:10:00,US/Eastern,517.76,518.77,515.94,516.275,1495369,data/SPY/2025-04-11.json
SPY,2025-04-10 12:15:00,US/Eastern,516.23,516.41,513.68,514.45,1914423,data/SPY/2025-04-11.json
SPY,2025-04-10 12:20:00,US/Eastern,514.45,516.89,510.24,513.31,3840295,data/SPY/2025-04-11.json
SPY,2025-04-10 12:25:00,US/Eastern,513.32,513.59,509.32,511.86,3529663,data/SPY/2025-04-11.json
SPY,2025-04-10 12:30:00,US/Eastern,511.815,517.1788,511.5127,516.95,3276295,data/SPY/2025-04-11.json
SPY,2025-04-10 12:35:00,US/Eastern,516.84,518.84,515.5803,518.08,2152879,data/SPY/2025-04-11.json
SPY,2025-04-10 12:40:00,US/Eastern,518.1,518.23,516.1909,517.86,2019170,data/SPY/2025-04-11.json
SPY,2025-04-10 12:45:00,US/Eastern,517.8,520.17,515.42,519.4799,2038546,data/SPY/2025-04-11.json
SPY,2025-04-10 12:50:00,US/Eastern,519.45,520.55,517.13,518.01,1963956,data/SPY/2025-04-11.json
SPY,2025-04-10 12:55:00,US/Eastern,517.91,520.22,517.72,519.76,1680431,data/SPY/2025-04-11.json
SPY,2025-04-10 13:00:00,US/Eastern,519.67,524.7,518.69,521.08,3279840,data/SPY/2025-04-11.json
SPY,2025-04-10 13:05:00,US/Eastern,521.04,521.0657,517.15,517.46,1664324,data/SPY/2025-04-11.json
SPY,2025-04-10 13:10:00,US/Eastern,517.42,517.76,513.5,514.61,1947100,data/SPY/2025-04-11.json
SPY,2025-04-10 13:15:00,US/Eastern,514.6,515.85,513.58,515.41,1531126,data/SPY/2025-04-11.json
SPY,2025-04-10 13:20:00,US/Eastern,515.37,516.45,512.87,515.84,1366899,data/SPY/2025-04-11.json
SPY,2025-04-10 13:25:00,US/Eastern,515.83,519.59,515.49,519.32,1414058,data/SPY/2025-04-11.json
SPY,2025-04-10 13:30:00,US/Eastern,519.21,520.9999,518.32,519.19,1062661,data/SPY/2025-04-11.json
SPY,2025-04-10 13:35:00,US/Eastern,519.16,521.75,518.92,519.34,1409319,data/SPY/2025-04-11.json
SPY,2025-04-10 13:40:00,US/Eastern,519.37,522.89,519.09,522.6301,1476788,data/SPY/2025-04-11.json
SPY,2025-04-10 13:45:00,US/Eastern,522.66,525,522.09,522.59,1827797,data/SPY/2025-04-11.json
SPY,2025-04-10 13:50:00,US/Eastern,522.62,524.6,521.07,523.9399,1325526,data/SPY/2025-04-11.json
SPY,2025-04-10 13:55:00,US/Eastern,523.94,525.55,523.75,524.28,1332798,data/SPY/2025-04-11.json
SPY,2025-04-10 14:00:00,US/Eastern,524.19,527.75,523.528,527.07,1603781,data/SPY/2025-04-11.json
SPY,2025-04-10 14:05:00,US/Eastern,527.05,527.76,522.36,522.56,2366462,data/SPY/2025-04-11.json
SPY,2025-04-10 14:10:00,US/Eastern,522.54,523.29,520.51,520.93,1496659,data/SPY/2025-04-11.json
SPY,2025-04-10 14:15:00,US/Eastern,520.87,523.59,520.31,522.81,1293094,data/SPY/2025-04-11.json
SPY,2025-04-10 14:20:00,US/Eastern,522.8325,527.37,522.82,526.36,1166354,data/SPY/2025-04-11.json
SPY,2025-04-10 14:25:00,US/Eastern,526.3425,528.76,525.52,528.39,1294404,data/SPY/2025-04-11.json
SPY,2025-04-10 14:30:00,US/Eastern,528.39,529.56,526.86,526.96,1436944,data/SPY/2025-04-11.json
SPY,2025-04-10 14:35:00,US/Eastern,526.945,527.81,525.548,527.43,1123453,data/SPY/2025-04-11.json
SPY,2025-04-10 14:40:00,US/Eastern,527.49,529.71,526.65,529.48,1031796,data/SPY/2025-04-11.json
SPY,2025-04-10 14:45:00,US/Eastern,529.42,529.53,525.46,526.5641,1351679,data/SPY/2025-04-11.json
SPY,2025-04-10 14:50:00,US/Eastern,526.56,528.21,524.41,524.62,1468822,data/SPY/2025-04-11.json
SPY,2025-04-10 14:55:00,US/Eastern,524.675,527.1299,523.57,526.07,1420115,data/SPY/2025-04-11.json
SPY,2025-04-10 15:00:00,US/Eastern,526.17,529.43,524.95,528.7,1277982,data/SPY/2025-04-11.json
SPY,2025-04-10 15:05:00,US/Eastern,528.6834,529.21,524.2812,524.355,1525281,data/SPY/2025-04-11.json
SPY,2025-04-10 15:10:00,US/Eastern,524.38,525.81,523.78,525.34,1084971,data/SPY/2025-04-11.json
SPY,2025-04-10 15:15:00,US/Eastern,525.26,527.28,524.12,526.95,1119153,data/SPY/2025-04-11.json
SPY,2025-04-10 15:20:00,US/Eastern,526.97,528.69,524.93,525.85,1250566,data/SPY/2025-04-11.json
SPY,2025-04-10 15:25:00,US/Eastern,525.68,527.26,522.37,522.43,1750760,data/SPY/2025-04-11.json
SPY,2025-04-10 15:30:00,US/Eastern,522.47,525.68,521.78,523.965,1702055,data/SPY/2025-04-11.json
SPY,2025-04-10 15:35:00,US/Eastern,523.85,524.41,521.49,521.65,1935709,data/SPY/2025-04-11.json
SPY,2025-04-10 15:40:00,US/Eastern,521.66,522.6,518.2,518.8,2995685,data/SPY/2025-04-11.json
SPY,2025-04-10 15:45:00,US/Eastern,518.805,521.33,518.22,519.93,3388119,data/SPY/2025-04-11.json
SPY,2025-04-10 15:50:00,US/Eastern,519.9,525.66,519.6,525.23,5190835,data/SPY/2025-04-11.json
SPY,2025-04-10 15:55:00,US/Eastern,525.28,526.52,522.11,524.7,6406130,data/SPY/2025-04-11.json
SPY,2025-04-10 16:00:00,US/Eastern,524.67,543.87,523.346,525.98,6648715,data/SPY/2025-04-11.json
SPY,2025-04-10 16:05:00,US/Eastern,525.92,526.36,524.58,526.05,1243290,data/SPY/2025-04-11.json
SPY,2025-04-10 16:10:00,US/Eastern,524.58,526.64,524.58,526.5,7785816,data/SPY/2025-04-11.json
SPY,2025-04-10 16:15:00,US/Eastern,526.51,543.125,524.58,525.33,123137,data/SPY/2025-04-11.json
SPY,2025-04-10 16:20:00,US/Eastern,525.2983,525.319,524.57,524.67,1072646,data/SPY/2025-04-11.json
SPY,2025-04-10 16:25:00,US/Eastern,524.64,543.8155,524.38,524.4,379494,data/SPY/2025-04-11.json
SPY,2025-04-10 16:30:00,US/Eastern,524.4,542.255,490.35,524.41,51788,data/SPY/2025-04-11.json
SPY,2025-04-10 16:35:00,US/Eastern,524.42,545.965,487.305,524.13,105119,data/SPY/2025-04-11.json
SPY,2025-04-10 16:40:00,US/Eastern,524.155,571.2973,484.4092,523.885,130250,data/SPY/2025-04-11.json
SPY,2025-04-10 16:45:00,US/Eastern,523.86,580.397,427.57,524.51,106991,data/SPY/2025-04-11.json
SPY,2025-04-10 16:50:00,US/Eastern,524.51,525.09,524.46,525.09,92371,data/SPY/2025-04-11.json
SPY,2025-04-10 16:55:00,US/Eastern,525.075,525.199,524.81,525.16,120144,data/SPY/2025-04-11.json
SPY,2025-04-10 17:00:00,US/Eastern,525.13,525.3,524.975,525.09,31070,data/SPY/2025-04-11.json
SPY,2025-04-10 17:05:00,US/Eastern,525.05,525.1,524.58,525,98251,data/SPY/2025-04-11.json
SPY,2025-04-10 17:10:00,US/Eastern,525,525,524.9025,524.96,5890,data/SPY/2025-04-11.json
SPY,2025-04-10 17:15:00,US/Eastern,524.95,525.08,524.87,525,19226,data/SPY/2025-04-11.json
SPY,2025-04-10 17:20:00,US/Eastern,525,525.49,524.58,525.02,42487,data/SPY/2025-04-11.json
SPY,2025-04-10 17:25:00,US/Eastern,525.02,543.87,524.76,524.8983,27957,data/SPY/2025-04-11.json
SPY,2025-04-10 17:30:00,US/Eastern,524.89,524.97,524.76,524.79,1310,data/SPY/2025-04-11.json
SPY,2025-04-10 17:35:00,US/Eastern,524.79,524.83,524.53,524.65,10313,data/SPY/2025-04-11.json
SPY,2025-04-10 17:40:00,US/Eastern,524.59,524.6381,524.41,524.61,11168,data/SPY/2025-04-11.json
SPY,2025-04-10 17:45:00,US/Eastern,524.58,524.67,524.35,524.46,13397,data/SPY/2025-04-11.json
SPY,2025-04-10 17:50:00,US/Eastern,524.48,524.58,524.39,524.58,7492,data/SPY/2025-04-11.json
SPY,2025-04-10 17:55:00,US/Eastern,524.525,524.59,524.2,524.365,7131,data/SPY/2025-04-11.json
SPY,2025-04-10 18:00:00,US/Eastern,524.43,526.01,524.4,525.74,58867,data/SPY/2025-04-11.json
SPY,2025-04-10 18:05:00,US/Eastern,525.7601,526.33,525.74,526.24,30522,data/SPY/2025-04-11.json
SPY,2025-04-10 18:10:00,US/Eastern,526.2395,526.5983,526,526.05,15342,data/SPY/2025-04-11.json
SPY,2025-04-10 18:15:00,US/Eastern,526.05,526.47,525.76,525.76,8557,data/SPY/2025-04-11.json
SPY,2025-04-10 18:20:00,US/Eastern,525.755,525.8501,525.5,525.795,9215,data/SPY/2025-04-11.json
SPY,2025-04-10 18:25:00,US/Eastern,525.77,526.2,525.57,525.87,9708,data/SPY/2025-04-11.json
SPY,2025-04-10 18:30:00,US/Eastern,524.58,526.75,524.58,526.49,2500517,data/SPY/2025-04-11.json
SPY,2025-04-10 18:35:00,US/Eastern,526.5,527.1467,526.3408,527,18046,data/SPY/2025-04-11.json
SPY,2025-04-10 18:40:00,US/Eastern,527.06,527.37,526.99,527.1601,9885,data/SPY/2025-04-11.json
SPY,2025-04-10 18:45:00,US/Eastern,527.17,527.68,526.52,526.55,14888,data/SPY/2025-04-11.json
SPY,2025-04-10 18:50:00,US/Eastern,526.55,526.6,526.225,526.35,5848,data/SPY/2025-04-11.json
SPY,2025-04-10 18:55:00,US/Eastern,526.36,526.4,525.74,525.9,12898,data/SPY/2025-04-11.json
SPY,2025-04-10 19:00:00,US/Eastern,525.9,525.9,525.01,525.39,16185,data/SPY/2025-04-11.json
SPY,2025-04-10 19:05:00,US/Eastern,525.4889,526.12,525.33,525.68,62477,data/SPY/2025-04-11.json
SPY,2025-04-10 19:10:00,US/Eastern,525.55,525.6393,524.07,524.265,22128,data/SPY/2025-04-11.json
SPY,2025-04-10 19:15:00,US/Eastern,524.35,524.35,523.7707,524.01,13245,data/SPY/2025-04-11.json
SPY,2025-04-10 19:20:00,US/Eastern,524,524.18,522.27,522.54,12308,data/SPY/2025-04-11.json
SPY,2025-04-10 19:25:00,US/Eastern,522.505,523.67,522.46,523.25,18225,data/SPY/2025-04-11.json
SPY,2025-04-10 19:30:00,US/Eastern,523.2518,523.96,522.9,523.835,7049,data/SPY/2025-04-11.json
SPY,2025-04-10 19:35:00,US/Eastern,523.85,523.89,522.9,522.901,6578,data/SPY/2025-04-11.json
SPY,2025-04-10 19:40:00,US/Eastern,523.03,523.64,522.9,523.64,9245,data/SPY/2025-04-11.json
SPY,2025-04-10 19:45:00,US/Eastern,523.58,523.75,522.49,522.49,10692,data/SPY/2025-04-11.json
SPY,2025-04-10 19:50:00,US/Eastern,522.48,522.74,521.23,521.43,25389,data/SPY/2025-04-11.json
SPY,2025-04-10 19:55:00,US/Eastern,521.41,523.03,521.27,522.21,61260,data/SPY/2025-04-11.json
SPY,2025-04-10 20:00:00,US/Eastern,524.58,524.58,524.58,524.58,2480360,data/SPY/2025-04-11.json
SPY,2025-04-11 11:45:00,US/Eastern,525.22,526.31,524.73,525.88,525427,data/SPY/2025-04-14.json
SPY,2025-04-11 11:50:00,US/Eastern,525.84,526.26,525.0137,525.724,403307,data/SPY/2025-04-14.json
SPY,2025-04-11 11:55:00,US/Eastern,525.76,527.11,525.74,526.94,611797,data/SPY/2025-04-14.json
SPY,2025-04-11 12:00:00,US/Eastern,526.93,527.18,526.08,526.95,491265,data/SPY/2025-04-14.json
SPY,2025-04-11 12:05:00,US/Eastern,526.95,528.5,526.9,526.9501,751686,data/SPY/2025-04-14.json
SPY,2025-04-11 12:10:00,US/Eastern,527.03,528.45,526.9663,527.85,490161,data/SPY/2025-04-14.json
SPY,2025-04-11 12:15:00,US/Eastern,527.86,528.66,527.45,528.505,418959,data/SPY/2025-04-14.json
SPY,2025-04-11 12:20:00,US/Eastern,528.53,528.67,527.33,527.3899,474248,data/SPY/2025-04-14.json
SPY,2025-04-11 12:25:00,US/Eastern,527.39,527.95,526.41,527.39,608858,data/SPY/2025-04-14.json
SPY,2025-04-11 12:30:00,US/Eastern,527.535,530.325,527.4475,529.76,974839,data/SPY/2025-04-14.json
SPY,2025-04-11 12:35:00,US/Eastern,529.765,532,529.73,531.27,1015124,data/SPY/2025-04-14.json
SPY,2025-04-11 12:40:00,US/Eastern,531.28,532.26,525.46,531.9627,928948,data/SPY/2025-04-14.json
SPY,2025-04-11 12:45:00,US/Eastern,531.965,532.74,531.02,532.61,843578,data/SPY/2025-04-14.json
SPY,2025-04-11 12:50:00,US/Eastern,532.59,532.85,531.66,532.2928,811571,data/SPY/2025-04-14.json
SPY,2025-04-11 12:55:00,US/Eastern,532.39,532.61,531.58,531.72,578114,data/SPY/2025-04-14.json
SPY,2025-04-11 13:00:00,US/Eastern,531.77,532.61,530.6047,531.98,618818,data/SPY/2025-04-14.json
SPY,2025-04-11 13:05:00,US/Eastern,532.07,533.09,531.27,531.83,622306,data/SPY/2025-04-14.json
SPY,2025-04-11 13:10:00,US/Eastern,531.79,531.96,530.73,531.475,597080,data/SPY/2025-04-14.json
SPY,2025-04-11 13:15:00,US/Eastern,531.48,532.02,529.66,530.085,590852,data/SPY/2025-04-14.json
SPY,2025-04-11 13:20:00,US/Eastern,530.1,531.98,529.67,530.68,780752,data/SPY/2025-04-14.json
SPY,2025-04-11 13:25:00,US/Eastern,530.63,530.74,529.48,529.83,666865,data/SPY/2025-04-14.json
SPY,2025-04-11 13:30:00,US/Eastern,529.84,530.47,528.84,529.96,899501,data/SPY/2025-04-14.json
SPY,2025-04-11 13:35:00,US/Eastern,529.96,532.88,529.16,532.75,975184,data/SPY/2025-04-14.json
SPY,2025-04-11 13:40:00,US/Eastern,532.74,536.12,532.65,535.4,2063684,data/SPY/2025-04-14.json
SPY,2025-04-11 13:45:00,US/Eastern,535.4106,535.49,533.212,534.72,1187248,data/SPY/2025-04-14.json
SPY,2025-04-11 13:50:00,US/Eastern,534.65,536.43,534.15,535.72,1074274,data/SPY/2025-04-14.json
SPY,2025-04-11 13:55:00,US/Eastern,535.7625,535.84,534.18,534.7,731237,data/SPY/2025-04-14.json
SPY,2025-04-11 14:00:00,US/Eastern,534.72,534.99,533.71,534.81,851820,data/SPY/2025-04-14.json
SPY,2025-04-11 14:05:00,US/Eastern,534.8,534.91,532.87,533.38,774895,data/SPY/2025-04-14.json
SPY,2025-04-11 14:10:00,US/Eastern,533.35,534.25,532.7263,533.6,865164,data/SPY/2025-04-14.json
SPY,2025-04-11 14:15:00,US/Eastern,533.59,534.1,531.98,532.39,1273817,data/SPY/2025-04-14.json
SPY,2025-04-11 14:20:00,US/Eastern,532.405,533.23,531.57,532.9,910643,data/SPY/2025-04-14.json
SPY,2025-04-11 14:25:00,US/Eastern,532.9031,533.26,531.85,533.17,471747,data/SPY/2025-04-14.json
SPY,2025-04-11 14:30:00,US/Eastern,533.16,533.54,532.65,533,540214,data/SPY/2025-04-14.json
SPY,2025-04-11 14:35:00,US/Eastern,532.93,534.03,532.37,533.2994,897955,data/SPY/2025-04-14.json
SPY,2025-04-11 14:40:00,US/Eastern,533.25,534.21,533.18,533.67,470785,data/SPY/2025-04-14.json
SPY,2025-04-11 14:45:00,US/Eastern,533.68,534.52,533.52,534.17,471163,data/SPY/2025-04-14.json
SPY,2025-04-11 14:50:00,US/Eastern,534.2,534.3075,531.97,533.63,697085,data/SPY/2025-04-14.json
SPY,2025-04-11 14:55:00,US/Eastern,533.7,534.35,532.05,532.16,431495,data/SPY/2025-04-14.json
SPY,2025-04-11 15:00:00,US/Eastern,532.23,534.28,532.11,533.7927,655991,data/SPY/2025-04-14.json
SPY,2025-04-11 15:05:00,US/Eastern,533.77,534.77,533.07,534.69,813586,data/SPY/2025-04-14.json
SPY,2025-04-11 15:10:00,US/Eastern,534.675,535.31,534.18,535.06,983370,data/SPY/2025-04-14.json
SPY,2025-04-11 15:15:00,US/Eastern,535.06,535.24,533.645,534.96,854559,data/SPY/2025-04-14.json
SPY,2025-04-11 15:20:00,US/Eastern,534.99,535.64,534.415,535.21,800202,data/SPY/2025-04-14.json
SPY,2025-04-11 15:25:00,US/Eastern,535.1929,535.68,534.3938,534.74,803202,data/SPY/2025-04-14.json
SPY,2025-04-11 15:30:00,US/Eastern,534.67,535.16,533.93,534.9899,927674,data/SPY/2025-04-14.json
SPY,2025-04-11 15:35:00,US/Eastern,534.99,534.99,533.48,534.62,1180305,data/SPY/2025-04-14.json
SPY,2025-04-11 15:40:00,US/Eastern,534.55,535.16,534.2501,534.91,1227084,data/SPY/2025-04-14.json
SPY,2025-04-11 15:45:00,US/Eastern,534.9,535.1,534.03,534.62,1301229,data/SPY/2025-04-14.json
SPY,2025-04-11 15:50:00,US/Eastern,534.59,535.45,533.96,534.83,3265758,data/SPY/2025-04-14.json
SPY,2025-04-11 15:55:00,US/Eastern,534.81,535.28,533.75,533.98,6509575,data/SPY/2025-04-14.json
SPY,2025-04-11 16:00:00,US/Eastern,533.98,534.54,525.0189,534.4,5269843,data/SPY/2025-04-14.json
SPY,2025-04-11 16:05:00,US/Eastern,534.4586,534.58,525.0189,534.15,1620844,data/SPY/2025-04-14.json
SPY,2025-04-11 16:10:00,US/Eastern,533.94,534.5116,533.94,534.48,4793112,data/SPY/2025-04-14.json
SPY,2025-04-11 16:15:00,US/Eastern,534.5,534.94,533.94,534.6009,2409747,data/SPY/2025-04-14.json
SPY,2025-04-11 16:20:00,US/Eastern,534.64,534.66,533.9,534.11,116141,data/SPY/2025-04-14.json
SPY,2025-04-11 16:25:00,US/Eastern,534.14,534.75,534.111,534.57,32937,data/SPY/2025-04-14.json
SPY,2025-04-11 16:30:00,US/Eastern,534.59,534.76,534.065,534.495,1018548,data/SPY/2025-04-14.json
SPY,2025-04-11 16:35:00,US/Eastern,534.5,534.61,534.38,534.575,18185,data/SPY/2025-04-14.json
SPY,2025-04-11 16:40:00,US/Eastern,534.6,534.77,525.0189,534.67,577242,data/SPY/2025-04-14.json
SPY,2025-04-11 16:45:00,US/Eastern,534.7,568.0264,521.9984,534.8199,137322,data/SPY/2025-04-14.json
SPY,2025-04-11 16:50:00,US/Eastern,534.75,568.0264,516.4665,534.55,46658,data/SPY/2025-04-14.json
SPY,2025-04-11 16:55:00,US/Eastern,534.54,568.0264,510.0177,534.35,53707,data/SPY/2025-04-14.json
SPY,2025-04-11 17:00:00,US/Eastern,534.3499,564.5945,506.2749,534.06,421284,data/SPY/2025-04-14.json
SPY,2025-04-11 17:05:00,US/Eastern,534.025,564.5945,506.2749,534.26,8800,data/SPY/2025-04-14.json
SPY,2025-04-11 17:10:00,US/Eastern,534.16,534.4,534.15,534.375,7772,data/SPY/2025-04-14.json
SPY,2025-04-11 17:15:00,US/Eastern,534.375,534.43,534.37,534.4,12459,data/SPY/2025-04-14.json
SPY,2025-04-11 17:20:00,US/Eastern,534.395,534.51,534.38,534.4611,14436,data/SPY/2025-04-14.json
SPY,2025-04-11 17:25:00,US/Eastern,534.48,534.49,534.37,534.37,8127,data/SPY/2025-04-14.json
SPY,2025-04-11 17:30:00,US/Eastern,534.39,534.41,533.97,533.9999,21282,data/SPY/2025-04-14.json
SPY,2025-04-11 17:35:00,US/Eastern,534,534,533.96,533.98,9273,data/SPY/2025-04-14.json
SPY,2025-04-11 17:40:00,US/Eastern,533.97,534,533.94,533.98,7060,data/SPY/2025-04-14.json
SPY,2025-04-11 17:45:00,US/Eastern,533.9705,534.3,533.9,533.97,10054,data/SPY/2025-04-14.json
SPY,2025-04-11 17:50:00,US/Eastern,533.97,534.23,533.83,533.985,4808,data/SPY/2025-04-14.json
SPY,2025-04-11 17:55:00,US/Eastern,533.94,534.12,533.87,534,2984,data/SPY/2025-04-14.json
SPY,2025-04-11 18:00:00,US/Eastern,533.95,534.1,533.89,533.89,6689,data/SPY/2025-04-14.json
SPY,2025-04-11 18:05:00,US/Eastern,533.9,534.09,533.89,533.9501,4855,data/SPY/2025-04-14.json
SPY,2025-04-11 18:10:00,US/Eastern,533.9508,534.1,533.9,533.98,2390,data/SPY/2025-04-14.json
SPY,2025-04-11 18:15:00,US/Eastern,534,534.1,533.98,534.095,7726,data/SPY/2025-04-14.json
SPY,2025-04-11 18:20:00,US/Eastern,534.09,534.09,533.85,533.875,29444,data/SPY/2025-04-14.json
SPY,2025-04-11 18:25:00,US/Eastern,533.89,534,533.8501,533.88,13025,data/SPY/2025-04-14.json
SPY,2025-04-11 18:30:00,US/Eastern,533.94,533.97,533.87,533.87,1378794,data/SPY/2025-04-14.json
SPY,2025-04-11 18:35:00,US/Eastern,533.925,533.98,533.85,533.92,1615,data/SPY/2025-04-14.json
SPY,2025-04-11 18:40:00,US/Eastern,533.98,533.98,533.85,533.9,723,data/SPY/2025-04-14.json
SPY,2025-04-11 18:45:00,US/Eastern,533.87,533.97,533.81,533.83,8830,data/SPY/2025-04-14.json
SPY,2025-04-11 18:50:00,US/Eastern,533.83,533.84,533.68,533.8,2202,data/SPY/2025-04-14.json
SPY,2025-04-11 18:55:00,US/Eastern,533.8,533.8,533.66,533.685,6637,data/SPY/2025-04-14.json
SPY,2025-04-11 19:00:00,US/Eastern,533.6997,533.7,533.67,533.68,6115,data/SPY/2025-04-14.json
SPY,2025-04-11 19:05:00,US/Eastern,533.6999,533.75,533.66,533.72,1812,data/SPY/2025-04-14.json
SPY,2025-04-11 19:10:00,US/Eastern,533.68,533.98,533.66,533.9796,3574,data/SPY/2025-04-14.json
SPY,2025-04-11 19:15:00,US/Eastern,533.7,533.98,533.7,533.71,2018,data/SPY/2025-04-14.json
SPY,2025-04-11 19:20:00,US/Eastern,533.7,533.94,533.66,533.7986,2455,data/SPY/2025-04-14.json
SPY,2025-04-11 19:25:00,US/Eastern,533.77,533.94,533.7,533.85,2544,data/SPY/2025-04-14.json
SPY,2025-04-11 19:30:00,US/Eastern,533.85,533.85,533.75,533.81,761,data/SPY/2025-04-14.json
SPY,2025-04-11 19:35:00,US/Eastern,533.78,533.94,533.76,533.88,5336,data/SPY/2025-04-14.json
SPY,2025-04-11 19:40:00,US/Eastern,533.7701,533.93,533.75,533.855,2581,data/SPY/2025-04-14.json
SPY,2025-04-11 19:45:00,US/Eastern,533.88,533.98,533.8,533.94,4087,data/SPY/2025-04-14.json
SPY,2025-04-11 19:50:00,US/Eastern,533.89,534,533.87,533.98,6300,data/SPY/2025-04-14.json
SPY,2025-04-11 19:55:00,US/Eastern,533.9994,534.29,533.98,534.29,12272,data/SPY/2025-04-14.json
SPY,2025-04-11 20:00:00,US/Eastern,533.94,533.94,533.94,533.94,1374075,data/SPY/2025-04-14.json
SPY,2025-04-14 11:45:00,US/Eastern,538.18,538.29,535.67,535.9,945853,data/SPY/2025-04-15.json
SPY,2025-04-14 11:50:00,US/Eastern,535.88,536.3,535.23,536.1951,964686,data/SPY/2025-04-15.json
SPY,2025-04-14 11:55:00,US/Eastern,536.15,537.13,535.73,535.7399,977603,data/SPY/2025-04-15.json
SPY,2025-04-14 12:00:00,US/Eastern,535.725,536.85,535.36,536.53,790481,data/SPY/2025-04-15.json
SPY,2025-04-14 12:05:00,US/Eastern,536.53,536.79,535.46,535.74,780451,data/SPY/2025-04-15.json
SPY,2025-04-14 12:10:00,US/Eastern,535.75,536.09,533.86,535.43,1574154,data/SPY/2025-04-15.json
SPY,2025-04-14 12:15:00,US/Eastern,535.47,537.5333,535.37,536.91,1040055,data/SPY/2025-04-15.json
SPY,2025-04-14 12:20:00,US/Eastern,536.905,537.85,535.98,536.6,1170392,data/SPY/2025-04-15.json
SPY,2025-04-14 12:25:00,US/Eastern,536.64,536.78,535.16,535.85,450034,data/SPY/2025-04-15.json
SPY,2025-04-14 12:30:00,US/Eastern,535.82,537.64,535.44,537.48,571815,data/SPY/2025-04-15.json
SPY,2025-04-14 12:35:00,US/Eastern,537.51,537.86,536.94,537.11,580979,data/SPY/2025-04-15.json
SPY,2025-04-14 12:40:00,US/Eastern,537.055,537.62,536.6,537.58,446277,data/SPY/2025-04-15.json
SPY,2025-04-14 12:45:00,US/Eastern,537.54,537.92,536.9604,537.05,354263,data/SPY/2025-04-15.json
SPY,2025-04-14 12:50:00,US/Eastern,537.03,537.05,535.65,536.9401,673419,data/SPY/2025-04-15.json
SPY,2025-04-14 12:55:00,US/Eastern,536.9423,537.09,535.37,535.52,650793,data/SPY/2025-04-15.json
SPY,2025-04-14 13:00:00,US/Eastern,535.6,539.23,535.29,536.44,1530670,data/SPY/2025-04-15.json
SPY,2025-04-14 13:05:00,US/Eastern,536.5,537,535.71,536.73,426852,data/SPY/2025-04-15.json
SPY,2025-04-14 13:10:00,US/Eastern,536.73,537.19,536.15,536.81,343903,data/SPY/2025-04-15.json
SPY,2025-04-14 13:15:00,US/Eastern,536.81,537.53,536.01,537.4901,385858,data/SPY/2025-04-15.json
SPY,2025-04-14 13:20:00,US/Eastern,537.51,538.55,537.21,538.55,387803,data/SPY/2025-04-15.json
SPY,2025-04-14 13:25:00,US/Eastern,538.5077,538.5077,537.0436,537.3,387545,data/SPY/2025-04-15.json
SPY,2025-04-14 13:30:00,US/Eastern,537.26,537.92,536.49,537.51,450755,data/SPY/2025-04-15.json
SPY,2025-04-14 13:35:00,US/Eastern,537.4352,538.16,537.16,537.69,303052,data/SPY/2025-04-15.json
SPY,2025-04-14 13:40:00,US/Eastern,537.7013,538.18,536.96,537.04,366450,data/SPY/2025-04-15.json
SPY,2025-04-14 13:45:00,US/Eastern,537.13,537.94,536.64,537.6943,361849,data/SPY/2025-04-15.json
SPY,2025-04-14 13:50:00,US/Eastern,537.755,539.45,537.49,538.81,545816,data/SPY/2025-04-15.json
SPY,2025-04-14 13:55:00,US/Eastern,538.83,539.28,538.42,538.97,329879,data/SPY/2025-04-15.json
SPY,2025-04-14 14:00:00,US/Eastern,538.95,539.6897,538.87,539.43,397936,data/SPY/2025-04-15.json
SPY,2025-04-14 14:05:00,US/Eastern,539.51,539.85,538.96,539.64,474937,data/SPY/2025-04-15.json
SPY,2025-04-14 14:10:00,US/Eastern,539.59,539.78,538.81,539.32,336161,data/SPY/2025-04-15.json
SPY,2025-04-14 14:15:00,US/Eastern,539.3,539.77,538.99,539.68,411754,data/SPY/2025-04-15.json
SPY,2025-04-14 14:20:00,US/Eastern,539.71,540.45,539.6,540.39,500634,data/SPY/2025-04-15.json
SPY,2025-04-14 14:25:00,US/Eastern,540.39,540.51,539.91,540.38,308620,data/SPY/2025-04-15.json
SPY,2025-04-14 14:30:00,US/Eastern,540.38,540.79,540.05,540.595,495235,data/SPY/2025-04-15.json
SPY,2025-04-14 14:35:00,US/Eastern,540.6,540.89,540.38,540.62,315390,data/SPY/2025-04-15.json
SPY,2025-04-14 14:40:00,US/Eastern,540.66,541.31,540.62,541.19,390124,data/SPY/2025-04-15.json
SPY,2025-04-14 14:45:00,US/Eastern,541.19,541.3,537.09,540.91,552965,data/SPY/2025-04-15.json
SPY,2025-04-14 14:50:00,US/Eastern,540.94,541.12,540.47,540.78,564858,data/SPY/2025-04-15.json
SPY,2025-04-14 14:55:00,US/Eastern,540.79,541.03,540.47,540.73,556146,data/SPY/2025-04-15.json
SPY,2025-04-14 15:00:00,US/Eastern,540.77,541.43,540.64,541.4,542671,data/SPY/2025-04-15.json
SPY,2025-04-14 15:05:00,US/Eastern,541.4,542.18,541.28,542.09,632022,data/SPY/2025-04-15.json
SPY,2025-04-14 15:10:00,US/Eastern,542.1,542.58,541.74,542.3517,884335,data/SPY/2025-04-15.json
SPY,2025-04-14 15:15:00,US/Eastern,542.36,542.36,541.342,541.5301,874514,data/SPY/2025-04-15.json
SPY,2025-04-14 15:20:00,US/Eastern,541.59,542.08,541.2699,541.85,508212,data/SPY/2025-04-15.json
SPY,2025-04-14 15:25:00,US/Eastern,541.87,541.95,541.0163,541.33,525879,data/SPY/2025-04-15.json
SPY,2025-04-14 15:30:00,US/Eastern,541.32,541.585,540.66,541.48,628151,data/SPY/2025-04-15.json
SPY,2025-04-14 15:35:00,US/Eastern,541.49,541.6636,540.87,541.24,1465590,data/SPY/2025-04-15.json
SPY,2025-04-14 15:40:00,US/Eastern,541.22,542.15,541.15,541.65,1111438,data/SPY/2025-04-15.json
SPY,2025-04-14 15:45:00,US/Eastern,541.66,541.8,540.37,540.88,1394569,data/SPY/2025-04-15.json
SPY,2025-04-14 15:50:00,US/Eastern,540.87,540.87,539.13,539.69,3116187,data/SPY/2025-04-15.json
SPY,2025-04-14 15:55:00,US/Eastern,539.69,539.83,538.36,538.97,2880206,data/SPY/2025-04-15.json
SPY,2025-04-14 16:00:00,US/Eastern,538.98,539.49,534.5096,538.53,3288992,data/SPY/2025-04-15.json
SPY,2025-04-14 16:05:00,US/Eastern,538.5203,539.12,522.12,538.44,501695,data/SPY/2025-04-15.json
SPY,2025-04-14 16:10:00,US/Eastern,539.12,539.12,538.305,538.44,1758407,data/SPY/2025-04-15.json
SPY,2025-04-14 16:15:00,US/Eastern,538.44,539.12,533.94,537.41,133336,data/SPY/2025-04-15.json
SPY,2025-04-14 16:20:00,US/Eastern,537.38,539.12,535.99,536.5,131745,data/SPY/2025-04-15.json
SPY,2025-04-14 16:25:00,US/Eastern,536.5,536.52,533.94,536.47,146501,data/SPY/2025-04-15.json
SPY,2025-04-14 16:30:00,US/Eastern,536.5,539.12,533.94,537.25,107866,data/SPY/2025-04-15.json
SPY,2025-04-14 16:35:00,US/Eastern,537.25,537.94,533.94,537.84,85135,data/SPY/2025-04-15.json
SPY,2025-04-14 16:40:00,US/Eastern,537.87,537.87,537.2497,537.36,57497,data/SPY/2025-04-15.json
SPY,2025-04-14 16:45:00,US/Eastern,537.42,549.0702,517.536,537.98,33417,data/SPY/2025-04-15.json
SPY,2025-04-14 16:50:00,US/Eastern,538,560.5879,504.3676,504.3676,22117,data/SPY/2025-04-15.json
SPY,2025-04-14 16:55:00,US/Eastern,537.925,565.6999,504.3676,538.05,23981,data/SPY/2025-04-15.json
SPY,2025-04-14 17:00:00,US/Eastern,538,565.8309,510.8893,537.9211,207981,data/SPY/2025-04-15.json
SPY,2025-04-14 17:05:00,US/Eastern,537.94,549.0702,517.536,537.91,92840,data/SPY/2025-04-15.json
SPY,2025-04-14 17:10:00,US/Eastern,537.9199,537.92,537.7245,537.795,10054,data/SPY/2025-04-15.json
SPY,2025-04-14 17:15:00,US/Eastern,537.8,537.8,537.53,537.6,21778,data/SPY/2025-04-15.json
SPY,2025-04-14 17:20:00,US/Eastern,537.6,537.97,537.6,537.97,14753,data/SPY/2025-04-15.json
SPY,2025-04-14 17:25:00,US/Eastern,537.9008,537.97,537.8,537.89,2130,data/SPY/2025-04-15.json
SPY,2025-04-14 17:30:00,US/Eastern,537.89,538.1,537.82,538.05,13438,data/SPY/2025-04-15.json
SPY,2025-04-14 17:35:00,US/Eastern,538.07,538.35,538.07,538.31,26805,data/SPY/2025-04-15.json
SPY,2025-04-14 17:40:00,US/Eastern,538.32,538.44,538.0501,538.39,18605,data/SPY/2025-04-15.json
SPY,2025-04-14 17:45:00,US/Eastern,538.39,538.49,538.2,538.3,14475,data/SPY/2025-04-15.json
SPY,2025-04-14 17:50:00,US/Eastern,538.3,538.48,538.295,538.43,23330,data/SPY/2025-04-15.json
SPY,2025-04-14 17:55:00,US/Eastern,538.43,538.43,538.14,538.195,4956,data/SPY/2025-04-15.json
SPY,2025-04-14 18:00:00,US/Eastern,538.15,538.24,537.53,537.96,66070,data/SPY/2025-04-15.json
SPY,2025-04-14 18:05:00,US/Eastern,537.99,538.01,537.1914,537.221,53415,data/SPY/2025-04-15.json
SPY,2025-04-14 18:10:00,US/Eastern,537.2585,537.5999,537.1637,537.4,14169,data/SPY/2025-04-15.json
SPY,2025-04-14 18:15:00,US/Eastern,537.4,537.48,537,537.13,44902,data/SPY/2025-04-15.json
SPY,2025-04-14 18:20:00,US/Eastern,537.175,537.6773,536.9,537.52,13286,data/SPY/2025-04-15.json
SPY,2025-04-14 18:25:00,US/Eastern,537.63,537.69,536.63,536.63,12430,data/SPY/2025-04-15.json
SPY,2025-04-14 18:30:00,US/Eastern,539.12,539.12,536.57,537.02,1024049,data/SPY/2025-04-15.json
SPY,2025-04-14 18:35:00,US/Eastern,537.02,537.02,536.75,536.9725,2495,data/SPY/2025-04-15.json
SPY,2025-04-14 18:40:00,US/Eastern,537.02,560.72,536.735,537.07,2968,data/SPY/2025-04-15.json
SPY,2025-04-14 18:45:00,US/Eastern,537.03,537.05,536.415,536.76,4135,data/SPY/2025-04-15.json
SPY,2025-04-14 18:50:00,US/Eastern,536.8,536.9,536.6,536.755,3198,data/SPY/2025-04-15.json
SPY,2025-04-14 18:55:00,US/Eastern,536.81,536.82,536.16,536.357,5131,data/SPY/2025-04-15.json
SPY,2025-04-14 19:00:00,US/Eastern,536.3,536.64,536.16,536.6,9006,data/SPY/2025-04-15.json
SPY,2025-04-14 19:05:00,US/Eastern,536.57,536.9182,536.5,536.76,5424,data/SPY/2025-04-15.json
SPY,2025-04-14 19:10:00,US/Eastern,536.7,536.92,536.66,536.85,3261,data/SPY/2025-04-15.json
SPY,2025-04-14 19:15:00,US/Eastern,536.76,537.29,536.68,537.23,7236,data/SPY/2025-04-15.json
SPY,2025-04-14 19:20:00,US/Eastern,537.23,537.36,537.2,537.34,8577,data/SPY/2025-04-15.json
SPY,2025-04-14 19:25:00,US/Eastern,537.27,537.31,537.1,537.2,3361,data/SPY/2025-04-15.json
SPY,2025-04-14 19:30:00,US/Eastern,537.18,537.5,537.1711,537.4902,11590,data/SPY/2025-04-15.json
SPY,2025-04-14 19:35:00,US/Eastern,537.49,537.5,536.98,537.04,11961,data/SPY/2025-04-15.json
SPY,2025-04-14 19:40:00,US/Eastern,537.055,537.055,536.41,536.6,1992,data/SPY/2025-04-15.json
SPY,2025-04-14 19:45:00,US/Eastern,536.57,536.78,536.37,536.78,6628,data/SPY/2025-04-15.json
SPY,2025-04-14 19:50:00,US/Eastern,536.76,536.8,536.64,536.78,4092,data/SPY/2025-04-15.json
SPY,2025-04-14 19:55:00,US/Eastern,536.8,536.9,536.7,536.87,11311,data/SPY/2025-04-15.json
SPY,2025-04-14 20:00:00,US/Eastern,539.12,539.12,539.12,539.12,977671,data/SPY/2025-04-15.json
SPY,2025-04-15 11:45:00,US/Eastern,540.32,540.8188,539.62,539.93,418039,data/SPY/2025-04-16.json
SPY,2025-04-15 11:50:00,US/Eastern,540,541.29,539.44,540.83,521783,data/SPY/2025-04-16.json
SPY,2025-04-15 11:55:00,US/Eastern,540.791,541,540.19,540.9717,268219,data/SPY/2025-04-16.json
SPY,2025-04-15 12:00:00,US/Eastern,541,541.62,540.9,541.33,232261,data/SPY/2025-04-16.json
SPY,2025-04-15 12:05:00,US/Eastern,541.33,541.51,540.52,540.77,251532,data/SPY/2025-04-16.json
SPY,2025-04-15 12:10:00,US/Eastern,540.73,541.2,540.51,540.909,198321,data/SPY/2025-04-16.json
SPY,2025-04-15 12:15:00,US/Eastern,540.93,541.31,540.3726,540.72,220464,data/SPY/2025-04-16.json
SPY,2025-04-15 12:20:00,US/Eastern,540.7387,541.37,540.48,541.31,419832,data/SPY/2025-04-16.json
SPY,2025-04-15 12:25:00,US/Eastern,541.31,541.62,540.9003,540.98,270201,data/SPY/2025-04-16.json
SPY,2025-04-15 12:30:00,US/Eastern,541,541.4302,540.72,540.78,191695,data/SPY/2025-04-16.json
SPY,2025-04-15 12:35:00,US/Eastern,540.83,541.06,540.24,540.281,224992,data/SPY/2025-04-16.json
SPY,2025-04-15 12:40:00,US/Eastern,540.26,540.79,539.97,540.7175,472266,data/SPY/2025-04-16.json
SPY,2025-04-15 12:45:00,US/Eastern,540.7,541.1397,540.51,540.642,232951,data/SPY/2025-04-16.json
SPY,2025-04-15 12:50:00,US/Eastern,540.64,540.7304,539.39,539.51,217347,data/SPY/2025-04-16.json
SPY,2025-04-15 12:55:00,US/Eastern,539.48,539.485,538.48,539.04,714673,data/SPY/2025-04-16.json
SPY,2025-04-15 13:00:00,US/Eastern,539.01,539.69,538.46,539.64,512155,data/SPY/2025-04-16.json
SPY,2025-04-15 13:05:00,US/Eastern,539.6388,539.9,539.11,539.15,453400,data/SPY/2025-04-16.json
SPY,2025-04-15 13:10:00,US/Eastern,539.17,539.57,538.9,539.3499,320630,data/SPY/2025-04-16.json
SPY,2025-04-15 13:15:00,US/Eastern,539.34,539.445,538.31,538.65,361972,data/SPY/2025-04-16.json
SPY,2025-04-15 13:20:00,US/Eastern,538.63,538.82,537.5,538.065,534915,data/SPY/2025-04-16.json
SPY,2025-04-15 13:25:00,US/Eastern,538.065,538.26,537.37,537.76,378609,data/SPY/2025-04-16.json
SPY,2025-04-15 13:30:00,US/Eastern,537.77,538.67,537.71,538.0451,359147,data/SPY/2025-04-16.json
SPY,2025-04-15 13:35:00,US/Eastern,538.01,538.8,537.61,538.7,427402,data/SPY/2025-04-16.json
SPY,2025-04-15 13:40:00,US/Eastern,538.74,539.2457,538.66,538.814,429189,data/SPY/2025-04-16.json
SPY,2025-04-15 13:45:00,US/Eastern,538.83,539,538.43,538.9401,206405,data/SPY/2025-04-16.json
SPY,2025-04-15 13:50:00,US/Eastern,538.96,539.05,537.45,537.5,715300,data/SPY/2025-04-16.json
SPY,2025-04-15 13:55:00,US/Eastern,537.49,538.65,537.385,538.2867,504556,data/SPY/2025-04-16.json
SPY,2025-04-15 14:00:00,US/Eastern,538.32,538.775,537.67,538.12,430343,data/SPY/2025-04-16.json
SPY,2025-04-15 14:05:00,US/Eastern,538.1,538.2,537.44,538.08,377094,data/SPY/2025-04-16.json
SPY,2025-04-15 14:10:00,US/Eastern,538.08,538.22,537.05,537.38,410779,data/SPY/2025-04-16.json
SPY,2025-04-15 14:15:00,US/Eastern,537.365,537.5299,536.81,537.066,576955,data/SPY/2025-04-16.json
SPY,2025-04-15 14:20:00,US/Eastern,537.06,537.6,536.81,537.345,371563,data/SPY/2025-04-16.json
SPY,2025-04-15 14:25:00,US/Eastern,537.31,538.06,537.17,537.5,373574,data/SPY/2025-04-16.json
SPY,2025-04-15 14:30:00,US/Eastern,537.44,538.33,537.435,538.27,398543,data/SPY/2025-04-16.json
SPY,2025-04-15 14:35:00,US/Eastern,538.27,538.44,537.62,537.93,491447,data/SPY/2025-04-16.json
SPY,2025-04-15 14:40:00,US/Eastern,537.9497,538.71,537.78,538.66,466625,data/SPY/2025-04-16.json
SPY,2025-04-15 14:45:00,US/Eastern,538.67,539.21,538.26,538.4,479362,data/SPY/2025-04-16.json
SPY,2025-04-15 14:50:00,US/Eastern,538.39,538.58,538,538.49,814513,data/SPY/2025-04-16.json
SPY,2025-04-15 14:55:00,US/Eastern,538.49,538.99,538.43,538.63,411966,data/SPY/2025-04-16.json
SPY,2025-04-15 15:00:00,US/Eastern,538.63,538.7383,538.02,538.46,372625,data/SPY/2025-04-16.json
SPY,2025-04-15 15:05:00,US/Eastern,538.485,538.6699,538.12,538.32,239085,data/SPY/2025-04-16.json
SPY,2025-04-15 15:10:00,US/Eastern,538.32,539.2,538.08,538.97,2719965,data/SPY/2025-04-16.json
SPY,2025-04-15 15:15:00,US/Eastern,538.98,539.29,538.82,539.13,504017,data/SPY/2025-04-16.json
SPY,2025-04-15 15:20:00,US/Eastern,539.12,539.24,538.37,538.54,383949,data/SPY/2025-04-16.json
SPY,2025-04-15 15:25:00,US/Eastern,538.53,538.53,537.74,538.3434,551901,data/SPY/2025-04-16.json
SPY,2025-04-15 15:30:00,US/Eastern,538.36,538.685,538.05,538.26,693687,data/SPY/2025-04-16.json
SPY,2025-04-15 15:35:00,US/Eastern,538.2,538.65,537.8019,537.95,663246,data/SPY/2025-04-16.json
SPY,2025-04-15 15:40:00,US/Eastern,537.93,538.39,537.8,538.13,440921,data/SPY/2025-04-16.json
SPY,2025-04-15 15:45:00,US/Eastern,538.14,538.22,537.14,537.76,1154593,data/SPY/2025-04-16.json
SPY,2025-04-15 15:50:00,US/Eastern,537.77,538.73,537.55,538.32,1573623,data/SPY/2025-04-16.json
SPY,2025-04-15 15:55:00,US/Eastern,538.32,538.35,537.4,537.72,3457262,data/SPY/2025-04-16.json
SPY,2025-04-15 16:00:00,US/Eastern,537.71,538.8024,537.55,538.09,3711387,data/SPY/2025-04-16.json
SPY,2025-04-15 16:05:00,US/Eastern,538.051,543.475,521.79,538.18,563329,data/SPY/2025-04-16.json
SPY,2025-04-15 16:10:00,US/Eastern,537.61,538.18,537.61,537.7,2289778,data/SPY/2025-04-16.json
SPY,2025-04-15 16:15:00,US/Eastern,537.68,538.8024,537.52,537.77,234170,data/SPY/2025-04-16.json
SPY,2025-04-15 16:20:00,US/Eastern,537.77,537.8086,537.61,537.695,54241,data/SPY/2025-04-16.json
SPY,2025-04-15 16:25:00,US/Eastern,537.7,538.8024,537.12,537.175,496573,data/SPY/2025-04-16.json
SPY,2025-04-15 16:30:00,US/Eastern,537.21,538.8024,537.2,537.49,162590,data/SPY/2025-04-16.json
SPY,2025-04-15 16:35:00,US/Eastern,537.43,537.545,536.99,537.05,49501,data/SPY/2025-04-16.json
SPY,2025-04-15 16:40:00,US/Eastern,537.09,537.54,537.01,537.48,32823,data/SPY/2025-04-16.json
SPY,2025-04-15 16:45:00,US/Eastern,537.48,564.0304,509.5365,537.36,35505,data/SPY/2025-04-16.json
SPY,2025-04-15 16:50:00,US/Eastern,537.325,558.6496,509.4951,537.23,15167,data/SPY/2025-04-16.json
SPY,2025-04-15 16:55:00,US/Eastern,537.24,563.5382,509.4951,537.42,56588,data/SPY/2025-04-16.json
SPY,2025-04-15 17:00:00,US/Eastern,537.4,555.6528,509.5365,537.6,345157,data/SPY/2025-04-16.json
SPY,2025-04-15 17:05:00,US/Eastern,537.6,537.91,537.59,537.9097,258422,data/SPY/2025-04-16.json
SPY,2025-04-15 17:10:00,US/Eastern,537.9,538.17,537.67,538.155,49227,data/SPY/2025-04-16.json
SPY,2025-04-15 17:15:00,US/Eastern,538.16,538.2,537.75,538.05,48031,data/SPY/2025-04-16.json
SPY,2025-04-15 17:20:00,US/Eastern,538.05,538.05,537.62,537.945,11535,data/SPY/2025-04-16.json
SPY,2025-04-15 17:25:00,US/Eastern,537.945,537.95,537.5,537.66,16873,data/SPY/2025-04-16.json
SPY,2025-04-15 17:30:00,US/Eastern,537.65,537.66,536.54,536.63,29859,data/SPY/2025-04-16.json
SPY,2025-04-15 17:35:00,US/Eastern,536.78,536.78,536.04,536.43,46117,data/SPY/2025-04-16.json
SPY,2025-04-15 17:40:00,US/Eastern,536.465,536.465,536.06,536.16,13806,data/SPY/2025-04-16.json
SPY,2025-04-15 17:45:00,US/Eastern,536.1892,536.355,536.04,536.15,15028,data/SPY/2025-04-16.json
SPY,2025-04-15 17:50:00,US/Eastern,536.125,536.2,535.5,535.51,30559,data/SPY/2025-04-16.json
SPY,2025-04-15 17:55:00,US/Eastern,535.52,535.92,535.05,535.1501,27230,data/SPY/2025-04-16.json
SPY,2025-04-15 18:00:00,US/Eastern,535.15,535.15,532.39,533.6,176726,data/SPY/2025-04-16.json
SPY,2025-04-15 18:05:00,US/Eastern,533.53,534.085,533.28,533.6412,41255,data/SPY/2025-04-16.json
SPY,2025-04-15 18:10:00,US/Eastern,533.675,533.88,532.75,533.6,27932,data/SPY/2025-04-16.json
SPY,2025-04-15 18:15:00,US/Eastern,533.6,533.95,533.1,533.81,25828,data/SPY/2025-04-16.json
SPY,2025-04-15 18:20:00,US/Eastern,533.7754,533.9,533.37,533.595,17112,data/SPY/2025-04-16.json
SPY,2025-04-15 18:25:00,US/Eastern,533.6,534.34,533.51,534.1,32841,data/SPY/2025-04-16.json
SPY,2025-04-15 18:30:00,US/Eastern,537.61,537.61,534.06,534.14,1108100,data/SPY/2025-04-16.json
SPY,2025-04-15 18:35:00,US/Eastern,534.12,534.215,533.7,533.945,7779,data/SPY/2025-04-16.json
SPY,2025-04-15 18:40:00,US/Eastern,533.91,534.25,533.82,534.05,3600,data/SPY/2025-04-16.json
SPY,2025-04-15 18:45:00,US/Eastern,534.04,534.09,533.79,533.97,8124,data/SPY/2025-04-16.json
SPY,2025-04-15 18:50:00,US/Eastern,533.94,533.99,533.51,533.75,18603,data/SPY/2025-04-16.json
SPY,2025-04-15 18:55:00,US/Eastern,533.7,533.99,533.65,533.92,5297,data/SPY/2025-04-16.json
SPY,2025-04-15 19:00:00,US/Eastern,533.9,534.105,533.56,533.7514,10987,data/SPY/2025-04-16.json
SPY,2025-04-15 19:05:00,US/Eastern,533.8,533.9,533.42,533.53,19688,data/SPY/2025-04-16.json
SPY,2025-04-15 19:10:00,US/Eastern,533.53,533.63,533.1341,533.49,7383,data/SPY/2025-04-16.json
SPY,2025-04-15 19:15:00,US/Eastern,533.465,533.6,533.4009,533.52,3567,data/SPY/2025-04-16.json
SPY,2025-04-15 19:20:00,US/Eastern,533.52,533.59,533.25,533.43,10430,data/SPY/2025-04-16.json
SPY,2025-04-15 19:25:00,US/Eastern,533.42,533.51,533.14,533.51,1893,data/SPY/2025-04-16.json
SPY,2025-04-15 19:30:00,US/Eastern,533.47,533.6,533.16,533.17,7623,data/SPY/2025-04-16.json
SPY,2025-04-15 19:35:00,US/Eastern,533.14,533.28,532.8,533,13725,data/SPY/2025-04-16.json
SPY,2025-04-15 19:40:00,US/Eastern,533.0401,533.42,533.0401,533.345,11338,data/SPY/2025-04-16.json
SPY,2025-04-15 19:45:00,US/Eastern,533.325,533.36,533.11,533.3499,4173,data/SPY/2025-04-16.json
SPY,2025-04-15 19:50:00,US/Eastern,533.31,533.4,533.0101,533.3,5485,data/SPY/2025-04-16.json
SPY,2025-04-15 19:55:00,US/Eastern,533.32,533.62,533.17,533.58,24492,data/SPY/2025-04-16.json
SPY,2025-04-15 20:00:00,US/Eastern,537.61,537.61,537.61,537.61,1083483,data/SPY/2025-04-16.json
SPY,2025-04-16 11:45:00,US/Eastern,533.28,533.4399,532.6,532.65,310735,data/SPY/2025-04-17.json
SPY,2025-04-16 11:50:00,US/Eastern,532.6403,532.86,532.03,532.14,1684959,data/SPY/2025-04-17.json
SPY,2025-04-16 11:55:00,US/Eastern,532.155,532.37,531.38,531.71,455545,data/SPY/2025-04-17.json
SPY,2025-04-16 12:00:00,US/Eastern,531.73,531.87,531.17,531.78,431711,data/SPY/2025-04-17.json
SPY,2025-04-16 12:05:00,US/Eastern,531.78,531.78,530.765,531.45,628095,data/SPY/2025-04-17.json
SPY,2025-04-16 12:10:00,US/Eastern,531.44,531.86,531.22,531.49,514534,data/SPY/2025-04-17.json
SPY,2025-04-16 12:15:00,US/Eastern,531.5,531.76,531.12,531.48,281472,data/SPY/2025-04-17.json
SPY,2025-04-16 12:20:00,US/Eastern,531.44,531.55,530.9301,531.47,302046,data/SPY/2025-04-17.json
SPY,2025-04-16 12:25:00,US/Eastern,531.47,531.8,531.25,531.505,242074,data/SPY/2025-04-17.json
SPY,2025-04-16 12:30:00,US/Eastern,531.5,532.07,531.3001,532.02,965976,data/SPY/2025-04-17.json
SPY,2025-04-16 12:35:00,US/Eastern,532.03,532.12,530.79,530.95,468519,data/SPY/2025-04-17.json
SPY,2025-04-16 12:40:00,US/Eastern,530.92,531.55,530.53,531.49,619773,data/SPY/2025-04-17.json
SPY,2025-04-16 12:45:00,US/Eastern,531.49,531.58,530.725,530.99,598249,data/SPY/2025-04-17.json
SPY,2025-04-16 12:50:00,US/Eastern,531.01,531.19,530.6747,531.12,225076,data/SPY/2025-04-17.json
SPY,2025-04-16 12:55:00,US/Eastern,531.12,531.27,530.76,530.89,238720,data/SPY/2025-04-17.json
SPY,2025-04-16 13:00:00,US/Eastern,530.93,531.32,530.44,530.64,325002,data/SPY/2025-04-17.json
SPY,2025-04-16 13:05:00,US/Eastern,530.61,531.27,530.36,530.57,323356,data/SPY/2025-04-17.json
SPY,2025-04-16 13:10:00,US/Eastern,530.565,530.825,530.22,530.54,433642,data/SPY/2025-04-17.json
SPY,2025-04-16 13:15:00,US/Eastern,530.58,531.5663,530.545,531.4,283198,data/SPY/2025-04-17.json
SPY,2025-04-16 13:20:00,US/Eastern,531.3984,531.71,530.66,530.8463,350089,data/SPY/2025-04-17.json
SPY,2025-04-16 13:25:00,US/Eastern,530.83,531.6199,530.716,531.5295,260757,data/SPY/2025-04-17.json
SPY,2025-04-16 13:30:00,US/Eastern,531.55,531.62,528.38,528.46,1637532,data/SPY/2025-04-17.json
SPY,2025-04-16 13:35:00,US/Eastern,528.49,529.37,527.98,528.26,876702,data/SPY/2025-04-17.json
SPY,2025-04-16 13:40:00,US/Eastern,528.27,528.28,526.74,527.265,1268530,data/SPY/2025-04-17.json
SPY,2025-04-16 13:45:00,US/Eastern,527.25,527.25,525.66,526.07,1259396,data/SPY/2025-04-17.json
SPY,2025-04-16 13:50:00,US/Eastern,526.07,526.705,525.26,525.66,1496558,data/SPY/2025-04-17.json
SPY,2025-04-16 13:55:00,US/Eastern,525.65,526.07,523.94,524.1,1449387,data/SPY/2025-04-17.json
SPY,2025-04-16 14:00:00,US/Eastern,524.1,525.98,524.065,525.35,1555439,data/SPY/2025-04-17.json
SPY,2025-04-16 14:05:00,US/Eastern,525.38,526.04,524.72,525.8,852778,data/SPY/2025-04-17.json
SPY,2025-04-16 14:10:00,US/Eastern,525.82,526.32,525.33,526.085,604196,data/SPY/2025-04-17.json
SPY,2025-04-16 14:15:00,US/Eastern,526.11,526.32,524.69,525.12,702058,data/SPY/2025-04-17.json
SPY,2025-04-16 14:20:00,US/Eastern,525.09,526.57,524.72,526.28,772835,data/SPY/2025-04-17.json
SPY,2025-04-16 14:25:00,US/Eastern,526.25,526.8398,525.85,526,797236,data/SPY/2025-04-17.json
SPY,2025-04-16 14:30:00,US/Eastern,526,537.8854,525.3204,525.49,615058,data/SPY/2025-04-17.json
SPY,2025-04-16 14:35:00,US/Eastern,525.44,525.51,524.07,524.1356,671822,data/SPY/2025-04-17.json
SPY,2025-04-16 14:40:00,US/Eastern,524.09,524.55,523.65,523.9499,1394200,data/SPY/2025-04-17.json
SPY,2025-04-16 14:45:00,US/Eastern,523.93,524.3,523.64,523.856,463506,data/SPY/2025-04-17.json
SPY,2025-04-16 14:50:00,US/Eastern,523.82,523.88,523.11,523.18,800298,data/SPY/2025-04-17.json
SPY,2025-04-16 14:55:00,US/Eastern,523.23,523.77,522.71,522.84,740133,data/SPY/2025-04-17.json
SPY,2025-04-16 15:00:00,US/Eastern,522.83,523.29,522,522.21,1020252,data/SPY/2025-04-17.json
SPY,2025-04-16 15:05:00,US/Eastern,522.23,522.66,521.5701,521.7199,1107311,data/SPY/2025-04-17.json
SPY,2025-04-16 15:10:00,US/Eastern,521.715,522.57,520.84,521.98,1581692,data/SPY/2025-04-17.json
SPY,2025-04-16 15:15:00,US/Eastern,521.995,522.35,521.2,521.2,1043476,data/SPY/2025-04-17.json
SPY,2025-04-16 15:20:00,US/Eastern,521.1975,521.46,520.56,520.7327,955251,data/SPY/2025-04-17.json
SPY,2025-04-16 15:25:00,US/Eastern,520.71,520.93,520.29,520.665,1081422,data/SPY/2025-04-17.json
SPY,2025-04-16 15:30:00,US/Eastern,520.69,522.3001,520.69,521.83,1338810,data/SPY/2025-04-17.json
SPY,2025-04-16 15:35:00,US/Eastern,521.81,522.2701,521.25,522.13,1512346,data/SPY/2025-04-17.json
SPY,2025-04-16 15:40:00,US/Eastern,522.14,523,521.925,522.46,1455552,data/SPY/2025-04-17.json
SPY,2025-04-16 15:45:00,US/Eastern,522.45,523.0901,522.11,522.91,1689868,data/SPY/2025-04-17.json
SPY,2025-04-16 15:50:00,US/Eastern,522.93,525.91,522.93,525.52,3204801,data/SPY/2025-04-17.json
SPY,2025-04-16 15:55:00,US/Eastern,525.49,526.17,524.16,525.73,4698159,data/SPY/2025-04-17.json
SPY,2025-04-16 16:00:00,US/Eastern,525.73,537.8854,525.28,526.44,4473448,data/SPY/2025-04-17.json
SPY,2025-04-16 16:05:00,US/Eastern,526.45,526.6,522,525.46,273880,data/SPY/2025-04-17.json
SPY,2025-04-16 16:10:00,US/Eastern,525.66,526.7288,525.4303,526.641,10561079,data/SPY/2025-04-17.json
SPY,2025-04-16 16:15:00,US/Eastern,526.72,526.77,525.66,526.55,221047,data/SPY/2025-04-17.json
SPY,2025-04-16 16:20:00,US/Eastern,526.54,526.55,525.66,525.98,393810,data/SPY/2025-04-17.json
SPY,2025-04-16 16:25:00,US/Eastern,525.9999,526.455,525.98,526.275,40887,data/SPY/2025-04-17.json
SPY,2025-04-16 16:30:00,US/Eastern,526.27,526.55,526.12,526.45,64545,data/SPY/2025-04-17.json
SPY,2025-04-16 16:35:00,US/Eastern,526.45,526.64,525.66,526.51,77441,data/SPY/2025-04-17.json
SPY,2025-04-16 16:40:00,US/Eastern,526.51,554.1858,489.9109,525.77,230165,data/SPY/2025-04-17.json
SPY,2025-04-16 16:45:00,US/Eastern,525.8,554.94,489.1729,525.62,86271,data/SPY/2025-04-17.json
SPY,2025-04-16 16:50:00,US/Eastern,525.61,554.94,489.1729,512.931,232206,data/SPY/2025-04-17.json
SPY,2025-04-16 16:55:00,US/Eastern,525.23,528.5391,524.9591,525.1388,83033,data/SPY/2025-04-17.json
SPY,2025-04-16 17:00:00,US/Eastern,525.21,525.66,524.86,525.18,534324,data/SPY/2025-04-17.json
SPY,2025-04-16 17:05:00,US/Eastern,525.04,525.3,525,525.28,53686,data/SPY/2025-04-17.json
SPY,2025-04-16 17:10:00,US/Eastern,525.25,525.48,525.25,525.4504,31559,data/SPY/2025-04-17.json
SPY,2025-04-16 17:15:00,US/Eastern,525.47,525.52,525.3,525.415,8657,data/SPY/2025-04-17.json
SPY,2025-04-16 17:20:00,US/Eastern,525.415,525.52,525.41,525.4599,29056,data/SPY/2025-04-17.json
SPY,2025-04-16 17:25:00,US/Eastern,525.46,525.85,525.4306,525.85,32054,data/SPY/2025-04-17.json
SPY,2025-04-16 17:30:00,US/Eastern,525.81,526.2,525.66,526.08,79912,data/SPY/2025-04-17.json
SPY,2025-04-16 17:35:00,US/Eastern,526.06,526.25,525.9,525.99,35043,data/SPY/2025-04-17.json
SPY,2025-04-16 17:40:00,US/Eastern,525.935,526.14,525.88,525.93,5627,data/SPY/2025-04-17.json
SPY,2025-04-16 17:45:00,US/Eastern,525.98,526.26,525.74,526.25,49738,data/SPY/2025-04-17.json
SPY,2025-04-16 17:50:00,US/Eastern,526.25,526.6,526.24,526.38,34858,data/SPY/2025-04-17.json
SPY,2025-04-16 17:55:00,US/Eastern,526.32,526.37,525.8,526,14331,data/SPY/2025-04-17.json
SPY,2025-04-16 18:00:00,US/Eastern,526,526.4,525.56,526.39,70081,data/SPY/2025-04-17.json
SPY,2025-04-16 18:05:00,US/Eastern,526.35,526.359,525.8,525.99,15038,data/SPY/2025-04-17.json
SPY,2025-04-16 18:10:00,US/Eastern,526.0284,526.339,525.6,525.6004,37149,data/SPY/2025-04-17.json
SPY,2025-04-16 18:15:00,US/Eastern,525.6001,525.7,525.2,525.45,129934,data/SPY/2025-04-17.json
SPY,2025-04-16 18:20:00,US/Eastern,525.45,525.9593,525.2,525.85,7081,data/SPY/2025-04-17.json
SPY,2025-04-16 18:25:00,US/Eastern,525.82,525.99,525.71,525.9588,24803,data/SPY/2025-04-17.json
SPY,2025-04-16 18:30:00,US/Eastern,525.66,526.1293,525.66,525.7,1776543,data/SPY/2025-04-17.json
SPY,2025-04-16 18:35:00,US/Eastern,525.7,526.1098,525.62,526.1,26520,data/SPY/2025-04-17.json
SPY,2025-04-16 18:40:00,US/Eastern,526.1,526.2087,526,526.195,24588,data/SPY/2025-04-17.json
SPY,2025-04-16 18:45:00,US/Eastern,526.1981,526.32,525.85,526.11,7980,data/SPY/2025-04-17.json
SPY,2025-04-16 18:50:00,US/Eastern,526.05,526.17,525.66,525.9691,2947,data/SPY/2025-04-17.json
SPY,2025-04-16 18:55:00,US/Eastern,525.94,526.24,525.86,525.955,5450,data/SPY/2025-04-17.json
SPY,2025-04-16 19:00:00,US/Eastern,526.01,526.19,525.8,525.8,7248,data/SPY/2025-04-17.json
SPY,2025-04-16 19:05:00,US/Eastern,525.85,525.85,524.9216,525.085,21379,data/SPY/2025-04-17.json
SPY,2025-04-16 19:10:00,US/Eastern,525.195,525.58,525.15,525.57,4445,data/SPY/2025-04-17.json
SPY,2025-04-16 19:15:00,US/Eastern,525.53,526.3,525.4915,526.11,9330,data/SPY/2025-04-17.json
SPY,2025-04-16 19:20:00,US/Eastern,526.05,526.2,525.94,526.1899,13743,data/SPY/2025-04-17.json
SPY,2025-04-16 19:25:00,US/Eastern,526.13,526.24,526.08,526.14,5521,data/SPY/2025-04-17.json
SPY,2025-04-16 19:30:00,US/Eastern,526.13,526.13,525.71,525.76,3254,data/SPY/2025-04-17.json
SPY,2025-04-16 19:35:00,US/Eastern,525.77,525.77,524.6,524.68,16588,data/SPY/2025-04-17.json
SPY,2025-04-16 19:40:00,US/Eastern,524.73,526.03,524.73,525.92,14214,data/SPY/2025-04-17.json
SPY,2025-04-16 19:45:00,US/Eastern,525.95,526.25,525.94,526.0003,7073,data/SPY/2025-04-17.json
SPY,2025-04-16 19:50:00,US/Eastern,526.035,526.13,525.66,525.8,10380,data/SPY/2025-04-17.json
SPY,2025-04-16 19:55:00,US/Eastern,525.8,526.15,525.57,525.95,7849,data/SPY/2025-04-17.json
SPY,2025-04-16 20:00:00,US/Eastern,525.66,525.66,525.66,525.66,1724730,data/SPY/2025-04-17.json
SPY,2025-04-17 11:40:00,US/Eastern,528.0001,528.1425,527,527.1,227983,data/SPY/2025-04-18.json
SPY,2025-04-17 11:45:00,US/Eastern,527.12,527.86,526.73,526.99,359840,data/SPY/2025-04-18.json
SPY,2025-04-17 11:45:00,US/Eastern,527.12,527.86,526.73,526.99,359840,data/SPY/2025-04-21.json
SPY,2025-04-17 11:50:00,US/Eastern,527,528.03,526.48,526.76,379491,data/SPY/2025-04-18.json
SPY,2025-04-17 11:50:00,US/Eastern,527,528.03,526.48,526.76,379491,data/SPY/2025-04-21.json
SPY,2025-04-17 11:55:00,US/Eastern,526.73,527.6328,526.66,526.76,304031,data/SPY/2025-04-18.json
SPY,2025-04-17 11:55:00,US/Eastern,526.73,527.6328,526.66,526.76,304031,data/SPY/2025-04-21.json
SPY,2025-04-17 12:00:00,US/Eastern,526.76,528.22,526.43,526.52,627443,data/SPY/2025-04-18.json
SPY,2025-04-17 12:00:00,US/Eastern,526.76,528.22,526.43,526.52,627443,data/SPY/2025-04-21.json
SPY,2025-04-17 12:05:00,US/Eastern,526.5,528.85,526.22,528.2159,1926142,data/SPY/2025-04-18.json
SPY,2025-04-17 12:05:00,US/Eastern,526.5,528.85,526.22,528.2159,1926142,data/SPY/2025-04-21.json
SPY,2025-04-17 12:10:00,US/Eastern,528.23,528.92,526.285,527.91,1701456,data/SPY/2025-04-18.json
SPY,2025-04-17 12:10:00,US/Eastern,528.23,528.92,526.285,527.91,1701456,data/SPY/2025-04-21.json
SPY,2025-04-17 12:15:00,US/Eastern,527.98,529.41,527.32,529.15,1049598,data/SPY/2025-04-18.json
SPY,2025-04-17 12:15:00,US/Eastern,527.98,529.41,527.32,529.15,1049598,data/SPY/2025-04-21.json
SPY,2025-04-17 12:20:00,US/Eastern,529.17,529.63,528.54,529.07,608448,data/SPY/2025-04-18.json
SPY,2025-04-17 12:20:00,US/Eastern,529.17,529.63,528.54,529.07,608448,data/SPY/2025-04-21.json
SPY,2025-04-17 12:25:00,US/Eastern,529.07,529.87,528.83,529.45,540297,data/SPY/2025-04-18.json
SPY,2025-04-17 12:25:00,US/Eastern,529.07,529.87,528.83,529.45,540297,data/SPY/2025-04-21.json
SPY,2025-04-17 12:30:00,US/Eastern,529.45,530.1,528.93,529.81,646399,data/SPY/2025-04-18.json
SPY,2025-04-17 12:30:00,US/Eastern,529.45,530.1,528.93,529.81,646399,data/SPY/2025-04-21.json
SPY,2025-04-17 12:35:00,US/Eastern,529.82,530.26,528.81,529.0099,637867,data/SPY/2025-04-18.json
SPY,2025-04-17 12:35:00,US/Eastern,529.82,530.26,528.81,529.0099,637867,data/SPY/2025-04-21.json
SPY,2025-04-17 12:40:00,US/Eastern,529,529.39,527.85,528.125,866367,data/SPY/2025-04-18.json
SPY,2025-04-17 12:40:00,US/Eastern,529,529.39,527.85,528.125,866367,data/SPY/2025-04-21.json
SPY,2025-04-17 12:45:00,US/Eastern,528.13,529.02,527.77,528.85,446856,data/SPY/2025-04-18.json
SPY,2025-04-17 12:45:00,US/Eastern,528.13,529.02,527.77,528.85,446856,data/SPY/2025-04-21.json
SPY,2025-04-17 12:50:00,US/Eastern,528.83,529.95,528.83,529.8,364396,data/SPY/2025-04-18.json
SPY,2025-04-17 12:50:00,US/Eastern,528.83,529.95,528.83,529.8,364396,data/SPY/2025-04-21.json
SPY,2025-04-17 12:55:00,US/Eastern,529.81,530.41,529.55,529.9105,470362,data/SPY/2025-04-18.json
SPY,2025-04-17 12:55:00,US/Eastern,529.81,530.41,529.55,529.9105,470362,data/SPY/2025-04-21.json
SPY,2025-04-17 13:00:00,US/Eastern,529.92,530.3386,529.24,529.58,274786,data/SPY/2025-04-18.json
SPY,2025-04-17 13:00:00,US/Eastern,529.92,530.3386,529.24,529.58,274786,data/SPY/2025-04-21.json
SPY,2025-04-17 13:05:00,US/Eastern,529.61,529.87,529.1857,529.66,480134,data/SPY/2025-04-18.json
SPY,2025-04-17 13:05:00,US/Eastern,529.61,529.87,529.1857,529.66,480134,data/SPY/2025-04-21.json
SPY,2025-04-17 13:10:00,US/Eastern,529.65,529.71,528.6203,528.78,239577,data/SPY/2025-04-18.json
SPY,2025-04-17 13:10:00,US/Eastern,529.65,529.71,528.6203,528.78,239577,data/SPY/2025-04-21.json
SPY,2025-04-17 13:15:00,US/Eastern,528.8,529.01,528.05,528.375,289134,data/SPY/2025-04-18.json
SPY,2025-04-17 13:15:00,US/Eastern,528.8,529.01,528.05,528.375,289134,data/SPY/2025-04-21.json
SPY,2025-04-17 13:20:00,US/Eastern,528.42,528.45,527.64,528.06,345968,data/SPY/2025-04-18.json
SPY,2025-04-17 13:20:00,US/Eastern,528.42,528.45,527.64,528.06,345968,data/SPY/2025-04-21.json
SPY,2025-04-17 13:25:00,US/Eastern,528.04,528.5,527.61,527.68,270784,data/SPY/2025-04-18.json
SPY,2025-04-17 13:25:00,US/Eastern,528.04,528.5,527.61,527.68,270784,data/SPY/2025-04-21.json
SPY,2025-04-17 13:30:00,US/Eastern,527.69,528.82,527.67,528.73,272908,data/SPY/2025-04-18.json
SPY,2025-04-17 13:30:00,US/Eastern,527.69,528.82,527.67,528.73,272908,data/SPY/2025-04-21.json
SPY,2025-04-17 13:35:00,US/Eastern,528.71,528.97,528.45,528.96,223519,data/SPY/2025-04-18.json
SPY,2025-04-17 13:35:00,US/Eastern,528.71,528.97,528.45,528.96,223519,data/SPY/2025-04-21.json
SPY,2025-04-17 13:40:00,US/Eastern,528.94,530.04,527.73,528.47,1399259,data/SPY/2025-04-18.json
SPY,2025-04-17 13:40:00,US/Eastern,528.94,530.04,527.73,528.47,1399259,data/SPY/2025-04-21.json
SPY,2025-04-17 13:45:00,US/Eastern,528.44,530.05,528.39,529.08,514271,data/SPY/2025-04-18.json
SPY,2025-04-17 13:45:00,US/Eastern,528.44,530.05,528.39,529.08,514271,data/SPY/2025-04-21.json
SPY,2025-04-17 13:50:00,US/Eastern,529.08,530.15,529.01,529.81,784316,data/SPY/2025-04-18.json
SPY,2025-04-17 13:50:00,US/Eastern,529.08,530.15,529.01,529.81,784316,data/SPY/2025-04-21.json
SPY,2025-04-17 13:55:00,US/Eastern,529.76,530.3285,529.5,529.57,521742,data/SPY/2025-04-18.json
SPY,2025-04-17 13:55:00,US/Eastern,529.76,530.3285,529.5,529.57,521742,data/SPY/2025-04-21.json
SPY,2025-04-17 14:00:00,US/Eastern,529.5796,530.48,529.36,530.4003,739255,data/SPY/2025-04-18.json
SPY,2025-04-17 14:00:00,US/Eastern,529.5796,530.48,529.36,530.4003,739255,data/SPY/2025-04-21.json
SPY,2025-04-17 14:05:00,US/Eastern,530.4263,530.7798,530.21,530.6,522295,data/SPY/2025-04-18.json
SPY,2025-04-17 14:05:00,US/Eastern,530.4263,530.7798,530.21,530.6,522295,data/SPY/2025-04-21.json
SPY,2025-04-17 14:10:00,US/Eastern,530.5801,530.93,529.95,529.98,702587,data/SPY/2025-04-18.json
SPY,2025-04-17 14:10:00,US/Eastern,530.5801,530.93,529.95,529.98,702587,data/SPY/2025-04-21.json
SPY,2025-04-17 14:15:00,US/Eastern,530,530.68,529.81,530.61,1557550,data/SPY/2025-04-18.json
SPY,2025-04-17 14:15:00,US/Eastern,530,530.68,529.81,530.61,1557550,data/SPY/2025-04-21.json
SPY,2025-04-17 14:20:00,US/Eastern,530.6286,531.12,530.4,530.87,446171,data/SPY/2025-04-18.json
SPY,2025-04-17 14:20:00,US/Eastern,530.6286,531.12,530.4,530.87,446171,data/SPY/2025-04-21.json
SPY,2025-04-17 14:25:00,US/Eastern,530.88,531.165,529.98,530.02,944483,data/SPY/2025-04-18.json
SPY,2025-04-17 14:25:00,US/Eastern,530.88,531.165,529.98,530.02,944483,data/SPY/2025-04-21.json
SPY,2025-04-17 14:30:00,US/Eastern,530.02,530.92,530,530.25,394692,data/SPY/2025-04-18.json
SPY,2025-04-17 14:30:00,US/Eastern,530.02,530.92,530,530.25,394692,data/SPY/2025-04-21.json
SPY,2025-04-17 14:35:00,US/Eastern,530.24,530.78,530.12,530.76,297572,data/SPY/2025-04-18.json
SPY,2025-04-17 14:35:00,US/Eastern,530.24,530.78,530.12,530.76,297572,data/SPY/2025-04-21.json
SPY,2025-04-17 14:40:00,US/Eastern,530.77,530.79,530.11,530.3185,340550,data/SPY/2025-04-18.json
SPY,2025-04-17 14:40:00,US/Eastern,530.77,530.79,530.11,530.3185,340550,data/SPY/2025-04-21.json
SPY,2025-04-17 14:45:00,US/Eastern,530.31,530.77,529.21,529.45,1461104,data/SPY/2025-04-18.json
SPY,2025-04-17 14:45:00,US/Eastern,530.31,530.77,529.21,529.45,1461104,data/SPY/2025-04-21.json
SPY,2025-04-17 14:50:00,US/Eastern,529.43,530.12,528.65,529.36,894190,data/SPY/2025-04-18.json
SPY,2025-04-17 14:50:00,US/Eastern,529.43,530.12,528.65,529.36,894190,data/SPY/2025-04-21.json
SPY,2025-04-17 14:55:00,US/Eastern,529.33,529.3988,528.52,528.52,477464,data/SPY/2025-04-18.json
SPY,2025-04-17 14:55:00,US/Eastern,529.33,529.3988,528.52,528.52,477464,data/SPY/2025-04-21.json
SPY,2025-04-17 15:00:00,US/Eastern,528.54,528.8,528.13,528.5502,664103,data/SPY/2025-04-18.json
SPY,2025-04-17 15:00:00,US/Eastern,528.54,528.8,528.13,528.5502,664103,data/SPY/2025-04-21.json
SPY,2025-04-17 15:05:00,US/Eastern,528.49,528.61,528.14,528.41,467027,data/SPY/2025-04-18.json
SPY,2025-04-17 15:05:00,US/Eastern,528.49,528.61,528.14,528.41,467027,data/SPY/2025-04-21.json
SPY,2025-04-17 15:10:00,US/Eastern,528.38,528.6,526.97,527.32,873026,data/SPY/2025-04-18.json
SPY,2025-04-17 15:10:00,US/Eastern,528.38,528.6,526.97,527.32,873026,data/SPY/2025-04-21.json
SPY,2025-04-17 15:15:00,US/Eastern,527.31,527.65,526.85,527.46,677975,data/SPY/2025-04-18.json
SPY,2025-04-17 15:15:00,US/Eastern,527.31,527.65,526.85,527.46,677975,data/SPY/2025-04-21.json
SPY,2025-04-17 15:20:00,US/Eastern,527.45,528.06,526.63,527.82,760865,data/SPY/2025-04-18.json
SPY,2025-04-17 15:20:00,US/Eastern,527.45,528.06,526.63,527.82,760865,data/SPY/2025-04-21.json
SPY,2025-04-17 15:25:00,US/Eastern,527.83,528.12,527.19,527.31,661486,data/SPY/2025-04-18.json
SPY,2025-04-17 15:25:00,US/Eastern,527.83,528.12,527.19,527.31,661486,data/SPY/2025-04-21.json
SPY,2025-04-17 15:30:00,US/Eastern,527.36,528.29,527.11,528.06,1477817,data/SPY/2025-04-18.json
SPY,2025-04-17 15:30:00,US/Eastern,527.36,528.29,527.11,528.06,1477817,data/SPY/2025-04-21.json
SPY,2025-04-17 15:35:00,US/Eastern,528.05,528.24,527.45,527.91,1446659,data/SPY/2025-04-18.json
SPY,2025-04-17 15:35:00,US/Eastern,528.05,528.24,527.45,527.91,1446659,data/SPY/2025-04-21.json
SPY,2025-04-17 15:40:00,US/Eastern,527.93,528.51,527.2104,527.76,1288909,data/SPY/2025-04-18.json
SPY,2025-04-17 15:40:00,US/Eastern,527.93,528.51,527.2104,527.76,1288909,data/SPY/2025-04-21.json
SPY,2025-04-17 15:45:00,US/Eastern,527.82,527.97,526.53,526.67,1358722,data/SPY/2025-04-18.json
SPY,2025-04-17 15:45:00,US/Eastern,527.82,527.97,526.53,526.67,1358722,data/SPY/2025-04-21.json
SPY,2025-04-17 15:50:00,US/Eastern,526.59,527.12,525.71,526.97,2926702,data/SPY/2025-04-18.json
SPY,2025-04-17 15:50:00,US/Eastern,526.59,527.12,525.71,526.97,2926702,data/SPY/2025-04-21.json
SPY,2025-04-17 15:55:00,US/Eastern,526.98,527.21,525.985,526.39,3329507,data/SPY/2025-04-18.json
SPY,2025-04-17 15:55:00,US/Eastern,526.98,527.21,525.985,526.39,3329507,data/SPY/2025-04-21.json
SPY,2025-04-17 16:00:00,US/Eastern,526.37,528.13,525.8447,528.08,5544271,data/SPY/2025-04-18.json
SPY,2025-04-17 16:00:00,US/Eastern,526.37,528.13,525.8447,528.08,5544271,data/SPY/2025-04-21.json
SPY,2025-04-17 16:05:00,US/Eastern,528.0516,528.1,525.8447,526.97,2144269,data/SPY/2025-04-18.json
SPY,2025-04-17 16:05:00,US/Eastern,528.0516,528.1,525.8447,526.97,2144269,data/SPY/2025-04-21.json
SPY,2025-04-17 16:10:00,US/Eastern,526.41,527.86,526.41,527.8,2099580,data/SPY/2025-04-18.json
SPY,2025-04-17 16:10:00,US/Eastern,526.41,527.86,526.41,527.8,2099580,data/SPY/2025-04-21.json
SPY,2025-04-17 16:15:00,US/Eastern,527.8,528.03,525.8447,527.13,2505968,data/SPY/2025-04-18.json
SPY,2025-04-17 16:15:00,US/Eastern,527.8,528.03,525.8447,527.13,2505968,data/SPY/2025-04-21.json
SPY,2025-04-17 16:20:00,US/Eastern,526.41,527.29,526.41,527,56693,data/SPY/2025-04-18.json
SPY,2025-04-17 16:20:00,US/Eastern,526.41,527.29,526.41,527,56693,data/SPY/2025-04-21.json
SPY,2025-04-17 16:25:00,US/Eastern,527.015,527.02,526.41,526.82,53176,data/SPY/2025-04-18.json
SPY,2025-04-17 16:25:00,US/Eastern,527.015,527.02,526.41,526.82,53176,data/SPY/2025-04-21.json
SPY,2025-04-17 16:30:00,US/Eastern,526.83,527.17,526.83,527.035,17828,data/SPY/2025-04-18.json
SPY,2025-04-17 16:30:00,US/Eastern,526.83,527.17,526.83,527.035,17828,data/SPY/2025-04-21.json
SPY,2025-04-17 16:35:00,US/Eastern,527.07,527.38,525.8447,527.155,361177,data/SPY/2025-04-18.json
SPY,2025-04-17 16:35:00,US/Eastern,527.07,527.38,525.8447,527.155,361177,data/SPY/2025-04-21.json
SPY,2025-04-17 16:40:00,US/Eastern,527.18,527.35,525.8447,527.26,541694,data/SPY/2025-04-18.json
SPY,2025-04-17 16:40:00,US/Eastern,527.18,527.35,525.8447,527.26,541694,data/SPY/2025-04-21.json
SPY,2025-04-17 16:45:00,US/Eastern,527.28,528.37,527.23,527.75,260064,data/SPY/2025-04-18.json
SPY,2025-04-17 16:45:00,US/Eastern,527.28,528.37,527.23,527.75,260064,data/SPY/2025-04-21.json
SPY,2025-04-17 16:50:00,US/Eastern,527.69,528.1,527.69,527.9,97822,data/SPY/2025-04-18.json
SPY,2025-04-17 16:50:00,US/Eastern,527.69,528.1,527.69,527.9,97822,data/SPY/2025-04-21.json
SPY,2025-04-17 16:55:00,US/Eastern,527.9,528.08,527.79,527.79,70181,data/SPY/2025-04-18.json
SPY,2025-04-17 16:55:00,US/Eastern,527.9,528.08,527.79,527.79,70181,data/SPY/2025-04-21.json
SPY,2025-04-17 17:00:00,US/Eastern,527.9,528.04,526.41,527.8,376601,data/SPY/2025-04-18.json
SPY,2025-04-17 17:00:00,US/Eastern,527.9,528.04,526.41,527.8,376601,data/SPY/2025-04-21.json
SPY,2025-04-17 17:05:00,US/Eastern,527.8,527.8699,527.1571,527.62,16204,data/SPY/2025-04-18.json
SPY,2025-04-17 17:05:00,US/Eastern,527.8,527.8699,527.1571,527.62,16204,data/SPY/2025-04-21.json
SPY,2025-04-17 17:10:00,US/Eastern,519.8712,527.79,519.8712,527.7381,7675,data/SPY/2025-04-18.json
SPY,2025-04-17 17:10:00,US/Eastern,519.8712,527.79,519.8712,527.7381,7675,data/SPY/2025-04-21.json
SPY,2025-04-17 17:15:00,US/Eastern,527.6,527.74,519.8712,527.3899,11063,data/SPY/2025-04-18.json
SPY,2025-04-17 17:15:00,US/Eastern,527.6,527.74,519.8712,527.3899,11063,data/SPY/2025-04-21.json
SPY,2025-04-17 17:20:00,US/Eastern,527.36,527.49,526.95,527.39,24281,data/SPY/2025-04-18.json
SPY,2025-04-17 17:20:00,US/Eastern,527.36,527.49,526.95,527.39,24281,data/SPY/2025-04-21.json
SPY,2025-04-17 17:25:00,US/Eastern,527.26,527.4427,527.12,527.245,5417,data/SPY/2025-04-18.json
SPY,2025-04-17 17:25:00,US/Eastern,527.26,527.4427,527.12,527.245,5417,data/SPY/2025-04-21.json
SPY,2025-04-17 17:30:00,US/Eastern,527.22,527.37,527.18,527.18,2507,data/SPY/2025-04-18.json
SPY,2025-04-17 17:30:00,US/Eastern,527.22,527.37,527.18,527.18,2507,data/SPY/2025-04-21.json
SPY,2025-04-17 17:35:00,US/Eastern,527.2,527.4,527.12,527.2,17615,data/SPY/2025-04-18.json
SPY,2025-04-17 17:35:00,US/Eastern,527.2,527.4,527.12,527.2,17615,data/SPY/2025-04-21.json
SPY,2025-04-17 17:40:00,US/Eastern,527.2,527.26,526.85,526.935,10339,data/SPY/2025-04-18.json
SPY,2025-04-17 17:40:00,US/Eastern,527.2,527.26,526.85,526.935,10339,data/SPY/2025-04-21.json
SPY,2025-04-17 17:45:00,US/Eastern,527,527,526.65,526.72,24411,data/SPY/2025-04-18.json
SPY,2025-04-17 17:45:00,US/Eastern,527,527,526.65,526.72,24411,data/SPY/2025-04-21.json
SPY,2025-04-17 17:50:00,US/Eastern,526.69,526.72,526.67,526.7,4430,data/SPY/2025-04-18.json
SPY,2025-04-17 17:50:00,US/Eastern,526.69,526.72,526.67,526.7,4430,data/SPY/2025-04-21.json
SPY,2025-04-17 17:55:00,US/Eastern,526.6999,545.11,526.67,526.69,9383,data/SPY/2025-04-18.json
SPY,2025-04-17 17:55:00,US/Eastern,526.6999,545.11,526.67,526.69,9383,data/SPY/2025-04-21.json
SPY,2025-04-17 18:00:00,US/Eastern,526.685,526.89,526.61,526.75,2785,data/SPY/2025-04-18.json
SPY,2025-04-17 18:00:00,US/Eastern,526.685,526.89,526.61,526.75,2785,data/SPY/2025-04-21.json
SPY,2025-04-17 18:05:00,US/Eastern,526.675,526.75,526.5413,526.7,382548,data/SPY/2025-04-18.json
SPY,2025-04-17 18:05:00,US/Eastern,526.675,526.75,526.5413,526.7,382548,data/SPY/2025-04-21.json
SPY,2025-04-17 18:10:00,US/Eastern,526.7,526.8,526.65,526.66,2726,data/SPY/2025-04-18.json
SPY,2025-04-17 18:10:00,US/Eastern,526.7,526.8,526.65,526.66,2726,data/SPY/2025-04-21.json
SPY,2025-04-17 18:15:00,US/Eastern,526.65,526.8,526.62,526.66,3752,data/SPY/2025-04-18.json
SPY,2025-04-17 18:15:00,US/Eastern,526.65,526.8,526.62,526.66,3752,data/SPY/2025-04-21.json
SPY,2025-04-17 18:20:00,US/Eastern,526.685,526.71,526.51,526.56,2105,data/SPY/2025-04-18.json
SPY,2025-04-17 18:20:00,US/Eastern,526.685,526.71,526.51,526.56,2105,data/SPY/2025-04-21.json
SPY,2025-04-17 18:25:00,US/Eastern,526.65,526.71,526.4501,526.56,14465,data/SPY/2025-04-18.json
SPY,2025-04-17 18:25:00,US/Eastern,526.65,526.71,526.4501,526.56,14465,data/SPY/2025-04-21.json
SPY,2025-04-17 18:30:00,US/Eastern,526.41,526.56,526.41,526.5,1943394,data/SPY/2025-04-18.json
SPY,2025-04-17 18:30:00,US/Eastern,526.41,526.56,526.41,526.5,1943394,data/SPY/2025-04-21.json
SPY,2025-04-17 18:35:00,US/Eastern,526.49,526.56,526.4001,526.41,10635,data/SPY/2025-04-18.json
SPY,2025-04-17 18:35:00,US/Eastern,526.49,526.56,526.4001,526.41,10635,data/SPY/2025-04-21.json
SPY,2025-04-17 18:40:00,US/Eastern,526.4098,526.62,526.4,526.485,1029,data/SPY/2025-04-18.json
SPY,2025-04-17 18:40:00,US/Eastern,526.4098,526.62,526.4,526.485,1029,data/SPY/2025-04-21.json
SPY,2025-04-17 18:45:00,US/Eastern,526.5591,526.56,526.41,526.46,24966,data/SPY/2025-04-18.json
SPY,2025-04-17 18:45:00,US/Eastern,526.5591,526.56,526.41,526.46,24966,data/SPY/2025-04-21.json
SPY,2025-04-17 18:50:00,US/Eastern,526.46,526.66,526.46,526.62,4126,data/SPY/2025-04-18.json
SPY,2025-04-17 18:50:00,US/Eastern,526.46,526.66,526.46,526.62,4126,data/SPY/2025-04-21.json
SPY,2025-04-17 18:55:00,US/Eastern,526.63,526.71,526.6,526.68,2523,data/SPY/2025-04-18.json
SPY,2025-04-17 18:55:00,US/Eastern,526.63,526.71,526.6,526.68,2523,data/SPY/2025-04-21.json
SPY,2025-04-17 19:00:00,US/Eastern,526.66,526.78,526.64,526.72,3346,data/SPY/2025-04-18.json
SPY,2025-04-17 19:00:00,US/Eastern,526.66,526.78,526.64,526.72,3346,data/SPY/2025-04-21.json
SPY,2025-04-17 19:05:00,US/Eastern,526.8,526.8078,526.6801,526.7199,998,data/SPY/2025-04-18.json
SPY,2025-04-17 19:05:00,US/Eastern,526.8,526.8078,526.6801,526.7199,998,data/SPY/2025-04-21.json
SPY,2025-04-17 19:10:00,US/Eastern,526.72,526.93,526.68,526.9,10816,data/SPY/2025-04-18.json
SPY,2025-04-17 19:10:00,US/Eastern,526.72,526.93,526.68,526.9,10816,data/SPY/2025-04-21.json
SPY,2025-04-17 19:15:00,US/Eastern,526.92,527,526.9,526.97,8460,data/SPY/2025-04-18.json
SPY,2025-04-17 19:15:00,US/Eastern,526.92,527,526.9,526.97,8460,data/SPY/2025-04-21.json
SPY,2025-04-17 19:20:00,US/Eastern,526.9893,527.08,526.97,527.05,2772,data/SPY/2025-04-18.json
SPY,2025-04-17 19:20:00,US/Eastern,526.9893,527.08,526.97,527.05,2772,data/SPY/2025-04-21.json
SPY,2025-04-17 19:25:00,US/Eastern,526.9922,527.13,526.99,527.13,4117,data/SPY/2025-04-18.json
SPY,2025-04-17 19:25:00,US/Eastern,526.9922,527.13,526.99,527.13,4117,data/SPY/2025-04-21.json
SPY,2025-04-17 19:30:00,US/Eastern,527.13,527.25,526.91,527.1,3526,data/SPY/2025-04-18.json
SPY,2025-04-17 19:30:00,US/Eastern,527.13,527.25,526.91,527.1,3526,data/SPY/2025-04-21.json
SPY,2025-04-17 19:35:00,US/Eastern,527.1,527.24,526.76,526.9,2518,data/SPY/2025-04-18.json
SPY,2025-04-17 19:35:00,US/Eastern,527.1,527.24,526.76,526.9,2518,data/SPY/2025-04-21.json
SPY,2025-04-17 19:40:00,US/Eastern,526.91,527.25,526.8,527.25,5601,data/SPY/2025-04-18.json
SPY,2025-04-17 19:40:00,US/Eastern,526.91,527.25,526.8,527.25,5601,data/SPY/2025-04-21.json
SPY,2025-04-17 19:45:00,US/Eastern,527.2,527.25,527.05,527.1687,3727,data/SPY/2025-04-18.json
SPY,2025-04-17 19:45:00,US/Eastern,527.2,527.25,527.05,527.1687,3727,data/SPY/2025-04-21.json
SPY,2025-04-17 19:50:00,US/Eastern,527.08,527.16,527.05,527.05,4064,data/SPY/2025-04-18.json
SPY,2025-04-17 19:50:00,US/Eastern,527.08,527.16,527.05,527.05,4064,data/SPY/2025-04-21.json
SPY,2025-04-17 19:55:00,US/Eastern,527.105,527.25,527,527.1,4971,data/SPY/2025-04-18.json
SPY,2025-04-17 19:55:00,US/Eastern,527.105,527.25,527,527.2,5058,data/SPY/2025-04-21.json
SPY,2025-04-17 20:00:00,US/Eastern,526.41,526.41,526.41,526.41,1934911,data/SPY/2025-04-21.json
